user_id,city,device_type,signup_date
USR00001,Kolkata,iOS,2026-01-05
USR00002,Bengaluru,Android,2025-11-30
USR00003,Kolkata,Android,2025-08-31
USR00004,Delhi NCR,Android,2025-09-17
USR00005,Mumbai,iOS,2026-04-24
USR00006,Kolkata,Android,2026-02-07
USR00007,Ahmedabad,Web,2025-09-13
USR00008,Bengaluru,Android,2026-06-23
USR00009,Kolkata,Android,2026-05-18
USR00010,Mumbai,Android,2025-10-06
USR00011,Pune,Android,2026-01-09
USR00012,Kolkata,Android,2026-01-15
USR00013,Chennai,Android,2025-11-28
USR00014,Bengaluru,iOS,2025-10-09
USR00015,Bengaluru,Android,2025-10-24
USR00016,Ahmedabad,Android,2026-02-25
USR00017,Bengaluru,Android,2025-11-15
USR00018,Ahmedabad,Android,2025-12-14
USR00019,Bengaluru,Android,2026-01-03
USR00020,Mumbai,Android,2026-01-15
USR00021,Delhi NCR,Android,2025-12-06
USR00022,Chennai,Android,2025-08-26
USR00023,Hyderabad,Android,2025-10-29
USR00024,Mumbai,Web,2026-03-20
USR00025,Jaipur,iOS,2025-12-06
USR00026,Bengaluru,Android,2025-10-11
USR00027,Bengaluru,Android,2025-11-22
USR00028,Delhi NCR,Android,2026-02-22
USR00029,Chennai,Android,2026-06-27
USR00030,Bengaluru,Android,2025-12-11
USR00031,Bengaluru,Android,2025-09-03
USR00032,Pune,iOS,2026-03-16
USR00033,Delhi NCR,Android,2026-01-17
USR00034,Bengaluru,Android,2026-03-25
USR00035,Mumbai,Android,2026-05-21
USR00036,Kolkata,iOS,2026-02-19
USR00037,Ahmedabad,Android,2026-07-16
USR00038,Kolkata,Android,2025-11-18
USR00039,Delhi NCR,Android,2026-03-17
USR00040,Delhi NCR,Android,2026-06-14
USR00041,Pune,Android,2026-04-13
USR00042,Kolkata,iOS,2026-04-03
USR00043,Mumbai,Android,2026-02-13
USR00044,Delhi NCR,Android,2026-06-26
USR00045,Jaipur,Android,2026-05-06
USR00046,Mumbai,Web,2026-01-31
USR00047,Ahmedabad,Android,2026-04-06
USR00048,Chennai,iOS,2026-04-15
USR00049,Chennai,Android,2025-11-01
USR00050,Mumbai,Android,2025-11-21
USR00051,Mumbai,iOS,2025-12-22
USR00052,Mumbai,iOS,2026-03-30
USR00053,Jaipur,Android,2026-05-27
USR00054,Pune,Web,2025-09-21
USR00055,Pune,Android,2025-12-15
USR00056,Jaipur,iOS,2025-08-29
USR00057,Pune,Android,2026-02-15
USR00058,Chennai,iOS,2025-10-28
USR00059,Delhi NCR,Android,2026-01-10
USR00060,Chennai,iOS,2025-08-15
USR00061,Chennai,iOS,2026-05-16
USR00062,Delhi NCR,Android,2025-11-05
USR00063,Ahmedabad,Android,2025-10-29
USR00064,Ahmedabad,Android,2025-08-29
USR00065,Pune,Android,2025-08-11
USR00066,Jaipur,Android,2026-01-17
USR00067,Pune,iOS,2026-01-22
USR00068,Delhi NCR,iOS,2026-01-13
USR00069,Mumbai,Android,2026-05-28
USR00070,Delhi NCR,iOS,2026-04-27
USR00071,Chennai,Web,2026-02-08
USR00072,Kolkata,Android,2026-01-20
USR00073,Hyderabad,Android,2025-10-20
USR00074,Kolkata,iOS,2026-04-07
USR00075,Chennai,Android,2026-05-15
USR00076,Chennai,Android,2026-05-29
USR00077,Delhi NCR,Android,2025-12-29
USR00078,Delhi NCR,Android,2025-08-01
USR00079,Kolkata,iOS,2026-05-18
USR00080,Mumbai,Android,2026-01-10
USR00081,Pune,Android,2025-09-23
USR00082,Ahmedabad,Android,2025-09-09
USR00083,Pune,Android,2026-01-11
USR00084,Delhi NCR,Android,2025-09-15
USR00085,Chennai,Android,2025-12-14
USR00086,Pune,Android,2025-09-04
USR00087,Chennai,Android,2025-09-25
USR00088,Mumbai,Android,2026-03-13
USR00089,Kolkata,Web,2026-02-28
USR00090,Ahmedabad,iOS,2026-01-27
USR00091,Jaipur,Android,2026-04-03
USR00092,Pune,Android,2025-09-07
USR00093,Mumbai,Android,2026-01-11
USR00094,Hyderabad,Web,2025-09-07
USR00095,Chennai,Android,2026-02-09
USR00096,Delhi NCR,iOS,2026-05-08
USR00097,Bengaluru,Android,2026-06-11
USR00098,Ahmedabad,Android,2026-03-09
USR00099,Delhi NCR,Android,2026-03-11
USR00100,Delhi NCR,Android,2026-01-17
USR00101,Pune,Web,2026-02-26
USR00102,Jaipur,iOS,2026-05-04
USR00103,Hyderabad,Android,2025-12-31
USR00104,Pune,Android,2026-02-18
USR00105,Jaipur,iOS,2025-10-18
USR00106,Mumbai,Android,2026-03-07
USR00107,Bengaluru,Android,2026-07-05
USR00108,Ahmedabad,Android,2025-08-14
USR00109,Pune,Android,2025-12-28
USR00110,Bengaluru,Android,2025-09-29
USR00111,Hyderabad,iOS,2026-03-30
USR00112,Ahmedabad,iOS,2025-12-14
USR00113,Bengaluru,Android,2026-02-15
USR00114,Delhi NCR,Android,2026-02-12
USR00115,Chennai,Android,2025-08-23
USR00116,Hyderabad,Android,2025-12-13
USR00117,Pune,iOS,2026-05-16
USR00118,Mumbai,Android,2026-07-08
USR00119,Bengaluru,Android,2026-01-24
USR00120,Jaipur,Android,2026-05-29
USR00121,Pune,Android,2026-02-15
USR00122,Jaipur,Android,2026-05-02
USR00123,Ahmedabad,Android,2025-11-29
USR00124,Ahmedabad,Android,2026-02-19
USR00125,Mumbai,Android,2026-04-22
USR00126,Delhi NCR,Android,2026-03-18
USR00127,Delhi NCR,iOS,2025-10-25
USR00128,Pune,iOS,2025-10-04
USR00129,Mumbai,Android,2026-07-16
USR00130,Kolkata,Android,2026-06-18
USR00131,Delhi NCR,iOS,2025-12-11
USR00132,Chennai,iOS,2025-09-04
USR00133,Bengaluru,Android,2026-02-20
USR00134,Jaipur,Android,2025-12-20
USR00135,Jaipur,Android,2025-08-07
USR00136,Jaipur,iOS,2025-09-27
USR00137,Kolkata,Android,2026-05-18
USR00138,Bengaluru,iOS,2026-05-16
USR00139,Bengaluru,iOS,2026-05-02
USR00140,Chennai,iOS,2025-12-14
USR00141,Kolkata,Android,2026-05-20
USR00142,Ahmedabad,Android,2025-12-20
USR00143,Kolkata,Android,2026-06-08
USR00144,Kolkata,Android,2026-01-17
USR00145,Pune,Android,2026-04-01
USR00146,Hyderabad,iOS,2025-08-11
USR00147,Chennai,iOS,2026-01-03
USR00148,Hyderabad,Android,2026-04-09
USR00149,Bengaluru,Web,2025-11-25
USR00150,Delhi NCR,Android,2026-03-15
USR00151,Chennai,Android,2026-03-02
USR00152,Bengaluru,Android,2025-11-17
USR00153,Kolkata,iOS,2026-04-22
USR00154,Chennai,iOS,2026-04-21
USR00155,Delhi NCR,Android,2026-04-17
USR00156,Kolkata,Android,2026-04-26
USR00157,Mumbai,Android,2025-11-11
USR00158,Mumbai,Android,2026-03-22
USR00159,Mumbai,iOS,2025-11-10
USR00160,Hyderabad,Android,2026-03-26
USR00161,Jaipur,Android,2025-10-03
USR00162,Mumbai,Android,2026-04-08
USR00163,Ahmedabad,Android,2026-03-31
USR00164,Jaipur,Android,2025-10-23
USR00165,Hyderabad,iOS,2025-09-16
USR00166,Hyderabad,Android,2025-08-26
USR00167,Delhi NCR,iOS,2025-11-18
USR00168,Pune,Android,2026-07-13
USR00169,Pune,Android,2026-02-26
USR00170,Jaipur,Android,2026-07-16
USR00171,Mumbai,Android,2025-10-07
USR00172,Delhi NCR,Android,2025-08-05
USR00173,Pune,Android,2026-01-04
USR00174,Hyderabad,Android,2026-02-09
USR00175,Chennai,Android,2025-11-20
USR00176,Ahmedabad,Android,2026-04-24
USR00177,Kolkata,Android,2025-08-04
USR00178,Jaipur,Web,2026-02-08
USR00179,Jaipur,Android,2026-06-08
USR00180,Hyderabad,Android,2025-09-25
USR00181,Ahmedabad,Android,2025-12-20
USR00182,Chennai,iOS,2025-12-12
USR00183,Hyderabad,Android,2026-04-22
USR00184,Pune,iOS,2026-06-04
USR00185,Kolkata,Android,2026-07-15
USR00186,Delhi NCR,iOS,2026-07-02
USR00187,Ahmedabad,Web,2025-12-11
USR00188,Kolkata,Android,2025-08-19
USR00189,Pune,Android,2025-11-22
USR00190,Jaipur,Android,2026-04-01
USR00191,Chennai,Android,2025-10-27
USR00192,Jaipur,Android,2025-09-19
USR00193,Ahmedabad,Android,2025-12-11
USR00194,Jaipur,iOS,2025-11-02
USR00195,Chennai,Android,2025-11-22
USR00196,Chennai,Android,2026-01-05
USR00197,Kolkata,iOS,2026-01-17
USR00198,Chennai,Android,2025-12-29
USR00199,Ahmedabad,iOS,2026-03-29
USR00200,Mumbai,iOS,2026-05-26
USR00201,Bengaluru,Android,2025-11-08
USR00202,Jaipur,Android,2026-07-15
USR00203,Kolkata,Android,2026-02-28
USR00204,Mumbai,iOS,2025-10-17
USR00205,Delhi NCR,Web,2026-01-23
USR00206,Kolkata,Web,2026-03-23
USR00207,Delhi NCR,Android,2025-11-01
USR00208,Bengaluru,Android,2026-06-20
USR00209,Delhi NCR,Android,2025-08-30
USR00210,Mumbai,Android,2025-11-16
USR00211,Delhi NCR,Android,2025-10-21
USR00212,Ahmedabad,iOS,2025-09-15
USR00213,Delhi NCR,Android,2026-06-21
USR00214,Kolkata,Android,2026-04-02
USR00215,Kolkata,Android,2026-05-01
USR00216,Pune,iOS,2025-08-08
USR00217,Chennai,iOS,2026-04-29
USR00218,Pune,Android,2025-08-03
USR00219,Pune,Android,2026-01-24
USR00220,Hyderabad,Android,2026-02-13
USR00221,Jaipur,Android,2025-10-25
USR00222,Bengaluru,iOS,2025-12-31
USR00223,Hyderabad,Android,2026-04-24
USR00224,Jaipur,Android,2025-10-08
USR00225,Chennai,Web,2026-04-08
USR00226,Chennai,iOS,2025-10-24
USR00227,Kolkata,Android,2025-11-23
USR00228,Delhi NCR,Android,2025-08-12
USR00229,Jaipur,Android,2026-02-04
USR00230,Mumbai,Android,2026-06-24
USR00231,Hyderabad,iOS,2026-06-16
USR00232,Mumbai,Android,2025-08-25
USR00233,Bengaluru,Android,2025-08-11
USR00234,Mumbai,Android,2026-03-02
USR00235,Ahmedabad,Android,2026-05-08
USR00236,Hyderabad,Android,2025-10-18
USR00237,Pune,Android,2026-06-19
USR00238,Mumbai,Android,2026-07-05
USR00239,Bengaluru,Android,2025-12-17
USR00240,Delhi NCR,Android,2025-09-23
USR00241,Jaipur,Android,2025-09-30
USR00242,Hyderabad,Android,2025-09-24
USR00243,Ahmedabad,Android,2025-11-11
USR00244,Hyderabad,iOS,2025-11-12
USR00245,Chennai,Android,2025-12-30
USR00246,Delhi NCR,Android,2026-04-12
USR00247,Pune,Android,2026-04-04
USR00248,Chennai,Android,2025-08-07
USR00249,Bengaluru,iOS,2026-05-21
USR00250,Ahmedabad,Android,2025-09-16
USR00251,Jaipur,Android,2025-09-21
USR00252,Hyderabad,Android,2026-03-22
USR00253,Hyderabad,Android,2025-08-26
USR00254,Bengaluru,iOS,2025-08-21
USR00255,Hyderabad,Android,2026-07-13
USR00256,Chennai,Android,2025-09-29
USR00257,Bengaluru,iOS,2025-08-24
USR00258,Mumbai,iOS,2026-07-06
USR00259,Delhi NCR,Android,2026-03-13
USR00260,Hyderabad,iOS,2025-09-17
USR00261,Chennai,iOS,2025-11-02
USR00262,Bengaluru,Android,2026-03-22
USR00263,Hyderabad,iOS,2026-04-02
USR00264,Kolkata,Android,2025-10-25
USR00265,Bengaluru,Android,2025-08-31
USR00266,Delhi NCR,Android,2026-05-30
USR00267,Ahmedabad,iOS,2026-07-14
USR00268,Ahmedabad,Android,2026-02-11
USR00269,Chennai,Android,2025-10-06
USR00270,Ahmedabad,iOS,2025-09-27
USR00271,Kolkata,Android,2025-09-02
USR00272,Hyderabad,Android,2025-08-07
USR00273,Jaipur,iOS,2026-05-23
USR00274,Pune,Web,2026-07-09
USR00275,Chennai,Android,2026-06-13
USR00276,Bengaluru,Android,2025-12-06
USR00277,Ahmedabad,Android,2026-07-13
USR00278,Kolkata,Android,2026-05-13
USR00279,Mumbai,Android,2025-10-20
USR00280,Jaipur,iOS,2026-04-11
USR00281,Delhi NCR,Android,2026-04-09
USR00282,Chennai,Android,2025-12-21
USR00283,Mumbai,Android,2026-05-09
USR00284,Kolkata,Android,2025-11-29
USR00285,Bengaluru,Android,2026-05-21
USR00286,Ahmedabad,Android,2026-04-13
USR00287,Ahmedabad,Android,2026-04-12
USR00288,Mumbai,Android,2026-02-28
USR00289,Mumbai,Android,2025-08-01
USR00290,Bengaluru,iOS,2026-06-13
USR00291,Hyderabad,iOS,2026-05-15
USR00292,Pune,Android,2026-03-22
USR00293,Chennai,Android,2025-08-28
USR00294,Pune,iOS,2026-01-17
USR00295,Jaipur,iOS,2026-06-04
USR00296,Ahmedabad,Android,2026-02-03
USR00297,Ahmedabad,Android,2026-07-04
USR00298,Pune,Android,2026-01-29
USR00299,Hyderabad,Android,2026-02-08
USR00300,Bengaluru,Android,2025-10-24
USR00301,Ahmedabad,Android,2026-02-26
USR00302,Bengaluru,Android,2025-11-09
USR00303,Pune,Android,2026-02-18
USR00304,Pune,Android,2025-11-06
USR00305,Chennai,Android,2026-03-01
USR00306,Mumbai,iOS,2026-07-11
USR00307,Bengaluru,iOS,2026-03-19
USR00308,Ahmedabad,Android,2026-04-16
USR00309,Delhi NCR,Web,2025-08-03
USR00310,Jaipur,iOS,2026-05-11
USR00311,Kolkata,iOS,2026-04-05
USR00312,Jaipur,iOS,2025-10-30
USR00313,Delhi NCR,iOS,2025-10-05
USR00314,Bengaluru,Android,2026-06-04
USR00315,Chennai,Android,2026-02-13
USR00316,Kolkata,Web,2025-12-06
USR00317,Hyderabad,Android,2026-01-23
USR00318,Hyderabad,Android,2025-10-08
USR00319,Delhi NCR,Android,2026-04-20
USR00320,Hyderabad,iOS,2026-05-08
USR00321,Chennai,Android,2026-05-11
USR00322,Pune,Android,2026-06-16
USR00323,Hyderabad,Android,2026-07-11
USR00324,Delhi NCR,Web,2026-06-29
USR00325,Delhi NCR,Android,2026-06-23
USR00326,Chennai,Android,2026-01-28
USR00327,Jaipur,Android,2026-05-20
USR00328,Kolkata,Android,2026-05-01
USR00329,Hyderabad,iOS,2026-03-05
USR00330,Mumbai,Android,2025-08-13
USR00331,Kolkata,Android,2026-07-10
USR00332,Mumbai,Android,2025-10-22
USR00333,Hyderabad,Android,2025-10-14
USR00334,Mumbai,Android,2025-12-30
USR00335,Pune,iOS,2025-08-17
USR00336,Chennai,iOS,2025-09-22
USR00337,Jaipur,iOS,2026-06-28
USR00338,Jaipur,Android,2026-04-19
USR00339,Hyderabad,Android,2025-08-25
USR00340,Kolkata,Android,2026-01-08
USR00341,Jaipur,Android,2025-12-07
USR00342,Pune,Android,2026-03-15
USR00343,Pune,iOS,2026-06-28
USR00344,Chennai,iOS,2026-05-07
USR00345,Pune,iOS,2025-11-08
USR00346,Hyderabad,Android,2026-07-16
USR00347,Bengaluru,Android,2025-10-28
USR00348,Jaipur,Android,2025-08-21
USR00349,Kolkata,Android,2025-12-14
USR00350,Delhi NCR,Android,2025-12-09
USR00351,Mumbai,Android,2025-10-19
USR00352,Mumbai,Android,2026-01-13
USR00353,Mumbai,iOS,2026-06-17
USR00354,Hyderabad,Android,2026-05-21
USR00355,Jaipur,Android,2026-01-10
USR00356,Jaipur,Android,2025-11-03
USR00357,Jaipur,Android,2026-04-16
USR00358,Delhi NCR,Android,2026-05-02
USR00359,Kolkata,Android,2025-11-22
USR00360,Pune,Android,2026-01-17
USR00361,Chennai,Android,2026-06-13
USR00362,Jaipur,Android,2026-05-15
USR00363,Mumbai,Android,2026-01-25
USR00364,Ahmedabad,Android,2026-06-25
USR00365,Pune,Web,2026-07-16
USR00366,Chennai,Android,2025-09-28
USR00367,Kolkata,Android,2025-12-23
USR00368,Mumbai,iOS,2026-02-08
USR00369,Jaipur,iOS,2026-03-17
USR00370,Ahmedabad,Android,2026-06-30
USR00371,Pune,Android,2025-09-12
USR00372,Bengaluru,Android,2026-05-03
USR00373,Jaipur,Android,2025-09-03
USR00374,Pune,Android,2025-11-18
USR00375,Kolkata,iOS,2025-11-14
USR00376,Jaipur,iOS,2026-03-11
USR00377,Bengaluru,iOS,2025-10-18
USR00378,Mumbai,Android,2026-01-17
USR00379,Mumbai,Android,2025-08-28
USR00380,Delhi NCR,iOS,2026-05-13
USR00381,Bengaluru,Android,2025-11-25
USR00382,Hyderabad,Android,2026-03-19
USR00383,Kolkata,Android,2025-08-09
USR00384,Kolkata,Android,2026-05-01
USR00385,Mumbai,Android,2026-06-13
USR00386,Bengaluru,iOS,2026-05-27
USR00387,Mumbai,Android,2025-09-07
USR00388,Chennai,iOS,2025-09-24
USR00389,Hyderabad,iOS,2026-01-02
USR00390,Bengaluru,Android,2026-03-13
USR00391,Kolkata,Android,2026-07-05
USR00392,Mumbai,Android,2026-05-01
USR00393,Pune,Android,2026-02-17
USR00394,Jaipur,Android,2026-06-21
USR00395,Delhi NCR,Android,2026-06-28
USR00396,Chennai,Web,2025-08-06
USR00397,Jaipur,iOS,2025-10-12
USR00398,Bengaluru,Android,2026-05-21
USR00399,Kolkata,Android,2025-09-13
USR00400,Hyderabad,Android,2026-01-24
USR00401,Pune,Android,2026-06-27
USR00402,Jaipur,Android,2025-11-03
USR00403,Pune,Android,2025-12-08
USR00404,Pune,Android,2026-07-10
USR00405,Mumbai,iOS,2026-05-09
USR00406,Ahmedabad,Android,2025-09-07
USR00407,Hyderabad,Android,2025-12-07
USR00408,Bengaluru,Android,2026-05-25
USR00409,Ahmedabad,Web,2026-01-30
USR00410,Delhi NCR,Android,2025-11-29
USR00411,Bengaluru,Android,2025-09-05
USR00412,Pune,Android,2026-03-19
USR00413,Chennai,Android,2026-01-04
USR00414,Delhi NCR,Android,2026-02-03
USR00415,Chennai,Web,2025-10-26
USR00416,Mumbai,Android,2025-11-22
USR00417,Kolkata,Android,2026-02-01
USR00418,Delhi NCR,Android,2026-01-17
USR00419,Ahmedabad,Android,2026-01-31
USR00420,Hyderabad,Android,2025-09-25
USR00421,Delhi NCR,Android,2025-09-11
USR00422,Hyderabad,iOS,2025-10-11
USR00423,Jaipur,Android,2026-06-17
USR00424,Bengaluru,iOS,2025-08-10
USR00425,Jaipur,Android,2026-05-25
USR00426,Kolkata,iOS,2025-11-17
USR00427,Mumbai,Android,2026-05-06
USR00428,Jaipur,Android,2025-10-16
USR00429,Chennai,Android,2026-05-29
USR00430,Hyderabad,Android,2026-04-14
USR00431,Jaipur,Android,2026-02-03
USR00432,Jaipur,Android,2025-12-01
USR00433,Delhi NCR,iOS,2025-10-11
USR00434,Ahmedabad,Android,2026-05-17
USR00435,Delhi NCR,iOS,2026-04-05
USR00436,Chennai,Android,2026-04-07
USR00437,Pune,Android,2026-02-06
USR00438,Pune,Android,2025-11-14
USR00439,Jaipur,iOS,2026-02-01
USR00440,Kolkata,Android,2026-03-21
USR00441,Mumbai,Android,2026-06-29
USR00442,Chennai,Android,2026-04-24
USR00443,Hyderabad,iOS,2025-12-13
USR00444,Jaipur,Android,2026-02-09
USR00445,Kolkata,Android,2026-07-01
USR00446,Bengaluru,Android,2026-02-09
USR00447,Pune,Android,2026-01-28
USR00448,Chennai,Android,2026-04-04
USR00449,Mumbai,Android,2025-10-11
USR00450,Ahmedabad,Android,2025-09-09
USR00451,Jaipur,Android,2025-11-17
USR00452,Delhi NCR,Android,2026-02-02
USR00453,Bengaluru,Android,2026-03-01
USR00454,Chennai,iOS,2026-04-04
USR00455,Ahmedabad,Android,2026-05-30
USR00456,Delhi NCR,Android,2026-02-27
USR00457,Mumbai,Android,2025-10-05
USR00458,Delhi NCR,Android,2026-04-20
USR00459,Mumbai,iOS,2025-10-15
USR00460,Mumbai,Android,2025-11-01
USR00461,Jaipur,Web,2026-06-03
USR00462,Mumbai,iOS,2026-07-05
USR00463,Hyderabad,iOS,2025-11-19
USR00464,Ahmedabad,Android,2026-03-30
USR00465,Ahmedabad,Android,2026-02-27
USR00466,Delhi NCR,iOS,2025-11-02
USR00467,Jaipur,Android,2026-01-23
USR00468,Ahmedabad,Android,2025-09-05
USR00469,Pune,Android,2025-10-07
USR00470,Bengaluru,Android,2026-04-25
USR00471,Jaipur,Android,2025-10-16
USR00472,Bengaluru,Android,2026-06-11
USR00473,Mumbai,iOS,2026-04-30
USR00474,Jaipur,iOS,2025-09-17
USR00475,Ahmedabad,Android,2026-06-05
USR00476,Jaipur,iOS,2026-07-14
USR00477,Kolkata,Android,2026-02-06
USR00478,Mumbai,Android,2026-03-08
USR00479,Pune,iOS,2026-04-04
USR00480,Kolkata,Android,2026-05-22
USR00481,Bengaluru,Android,2025-12-09
USR00482,Ahmedabad,iOS,2025-09-12
USR00483,Hyderabad,Android,2026-05-06
USR00484,Kolkata,Android,2025-08-03
USR00485,Mumbai,Android,2025-09-30
USR00486,Jaipur,Android,2026-07-02
USR00487,Pune,Android,2026-01-09
USR00488,Kolkata,Android,2025-10-19
USR00489,Kolkata,Android,2025-12-08
USR00490,Hyderabad,iOS,2026-03-05
USR00491,Chennai,Android,2026-07-15
USR00492,Kolkata,iOS,2026-02-28
USR00493,Jaipur,iOS,2026-04-05
USR00494,Delhi NCR,Android,2026-05-12
USR00495,Ahmedabad,Android,2026-01-05
USR00496,Chennai,iOS,2026-02-20
USR00497,Delhi NCR,iOS,2026-07-04
USR00498,Bengaluru,iOS,2026-03-17
USR00499,Delhi NCR,Android,2026-04-18
USR00500,Kolkata,iOS,2026-05-09
USR00501,Mumbai,Android,2026-06-22
USR00502,Mumbai,iOS,2025-10-14
USR00503,Ahmedabad,iOS,2026-03-11
USR00504,Bengaluru,Android,2025-11-22
USR00505,Chennai,Android,2025-08-20
USR00506,Kolkata,iOS,2026-02-22
USR00507,Jaipur,Android,2026-06-02
USR00508,Mumbai,iOS,2025-10-29
USR00509,Ahmedabad,Android,2025-11-12
USR00510,Jaipur,Android,2025-08-18
USR00511,Jaipur,Android,2025-11-27
USR00512,Delhi NCR,Android,2026-02-01
USR00513,Pune,Android,2025-10-20
USR00514,Bengaluru,Web,2026-02-21
USR00515,Chennai,Android,2026-02-24
USR00516,Pune,Android,2025-09-05
USR00517,Bengaluru,Android,2026-05-14
USR00518,Chennai,Android,2025-12-20
USR00519,Pune,Android,2025-11-08
USR00520,Ahmedabad,iOS,2026-05-22
USR00521,Mumbai,Android,2026-02-25
USR00522,Jaipur,Android,2025-09-07
USR00523,Jaipur,Android,2025-09-29
USR00524,Jaipur,Web,2026-05-03
USR00525,Hyderabad,Android,2026-02-10
USR00526,Ahmedabad,iOS,2026-01-21
USR00527,Ahmedabad,Android,2026-05-28
USR00528,Mumbai,Android,2025-12-11
USR00529,Bengaluru,Android,2025-11-21
USR00530,Pune,iOS,2026-02-28
USR00531,Chennai,Android,2025-08-05
USR00532,Hyderabad,Android,2025-09-17
USR00533,Kolkata,Android,2026-01-23
USR00534,Bengaluru,Android,2025-10-31
USR00535,Ahmedabad,Android,2025-11-20
USR00536,Hyderabad,Android,2026-07-16
USR00537,Pune,Android,2025-11-11
USR00538,Pune,iOS,2025-12-14
USR00539,Pune,Android,2025-12-06
USR00540,Chennai,Android,2025-09-24
USR00541,Bengaluru,iOS,2026-07-13
USR00542,Ahmedabad,Android,2026-05-05
USR00543,Mumbai,iOS,2026-02-07
USR00544,Chennai,Android,2026-05-22
USR00545,Hyderabad,Android,2026-04-19
USR00546,Hyderabad,Android,2026-05-23
USR00547,Delhi NCR,Android,2026-03-05
USR00548,Ahmedabad,iOS,2025-08-17
USR00549,Jaipur,Android,2025-10-29
USR00550,Ahmedabad,Web,2026-04-23
USR00551,Ahmedabad,Android,2025-08-05
USR00552,Mumbai,Android,2026-02-11
USR00553,Bengaluru,Android,2026-06-10
USR00554,Hyderabad,Android,2025-12-13
USR00555,Pune,Android,2026-06-10
USR00556,Chennai,Android,2026-04-13
USR00557,Kolkata,Android,2026-02-07
USR00558,Chennai,iOS,2025-12-22
USR00559,Ahmedabad,Android,2025-10-07
USR00560,Pune,iOS,2025-12-17
USR00561,Pune,Android,2026-02-12
USR00562,Pune,Android,2025-10-16
USR00563,Ahmedabad,iOS,2025-10-30
USR00564,Kolkata,Android,2026-06-19
USR00565,Jaipur,Android,2026-01-09
USR00566,Ahmedabad,Android,2026-05-15
USR00567,Mumbai,Android,2025-10-23
USR00568,Mumbai,Android,2025-12-09
USR00569,Ahmedabad,iOS,2025-09-19
USR00570,Ahmedabad,iOS,2025-12-12
USR00571,Chennai,Android,2026-05-13
USR00572,Hyderabad,Android,2026-02-27
USR00573,Bengaluru,Android,2026-07-14
USR00574,Pune,Android,2026-06-29
USR00575,Jaipur,Android,2025-12-24
USR00576,Chennai,Android,2026-04-19
USR00577,Ahmedabad,iOS,2026-03-17
USR00578,Bengaluru,Android,2025-12-25
USR00579,Ahmedabad,Android,2025-10-14
USR00580,Delhi NCR,Android,2026-01-20
USR00581,Kolkata,Android,2026-05-20
USR00582,Kolkata,iOS,2025-09-06
USR00583,Bengaluru,Android,2025-11-25
USR00584,Chennai,Android,2025-12-28
USR00585,Hyderabad,Android,2026-02-19
USR00586,Hyderabad,iOS,2026-02-02
USR00587,Jaipur,Web,2026-02-28
USR00588,Delhi NCR,Android,2025-08-12
USR00589,Delhi NCR,iOS,2026-07-05
USR00590,Hyderabad,iOS,2025-09-10
USR00591,Pune,Android,2025-09-22
USR00592,Bengaluru,Android,2026-03-31
USR00593,Jaipur,Android,2026-02-20
USR00594,Jaipur,iOS,2025-09-12
USR00595,Bengaluru,Android,2025-10-19
USR00596,Bengaluru,Android,2026-02-16
USR00597,Hyderabad,Android,2025-12-24
USR00598,Ahmedabad,Android,2025-10-07
USR00599,Jaipur,iOS,2025-08-15
USR00600,Mumbai,Android,2026-01-14
USR00601,Ahmedabad,Android,2026-05-04
USR00602,Hyderabad,Android,2025-10-09
USR00603,Jaipur,Android,2026-06-02
USR00604,Ahmedabad,Android,2026-06-22
USR00605,Kolkata,Android,2026-06-24
USR00606,Jaipur,Android,2026-01-25
USR00607,Ahmedabad,Android,2025-09-15
USR00608,Ahmedabad,Android,2026-02-28
USR00609,Hyderabad,Android,2025-08-06
USR00610,Mumbai,Android,2025-10-09
USR00611,Chennai,Android,2026-05-01
USR00612,Mumbai,Android,2026-04-09
USR00613,Ahmedabad,Android,2026-03-09
USR00614,Hyderabad,Android,2025-08-04
USR00615,Jaipur,Android,2026-02-27
USR00616,Jaipur,Android,2025-12-06
USR00617,Delhi NCR,Android,2026-06-27
USR00618,Kolkata,iOS,2025-11-21
USR00619,Hyderabad,Android,2026-06-17
USR00620,Pune,Android,2026-06-10
USR00621,Hyderabad,Android,2026-04-30
USR00622,Hyderabad,Android,2025-09-05
USR00623,Delhi NCR,Android,2025-09-26
USR00624,Ahmedabad,Android,2025-12-18
USR00625,Ahmedabad,Android,2025-08-10
USR00626,Delhi NCR,Android,2026-05-01
USR00627,Mumbai,Android,2025-09-22
USR00628,Hyderabad,Android,2026-03-13
USR00629,Mumbai,Android,2025-10-17
USR00630,Mumbai,Android,2026-01-23
USR00631,Kolkata,Android,2026-04-13
USR00632,Chennai,Android,2025-08-17
USR00633,Chennai,Android,2025-10-14
USR00634,Mumbai,Android,2026-02-17
USR00635,Bengaluru,Android,2025-11-01
USR00636,Pune,iOS,2025-12-07
USR00637,Kolkata,iOS,2025-10-02
USR00638,Pune,Android,2026-03-15
USR00639,Pune,iOS,2025-08-18
USR00640,Pune,Android,2025-09-18
USR00641,Jaipur,Android,2025-11-15
USR00642,Ahmedabad,Android,2026-01-07
USR00643,Chennai,Android,2025-08-22
USR00644,Jaipur,Android,2025-12-08
USR00645,Ahmedabad,Android,2025-11-10
USR00646,Chennai,iOS,2026-07-08
USR00647,Pune,Web,2025-11-29
USR00648,Kolkata,Android,2025-10-25
USR00649,Hyderabad,Android,2026-02-19
USR00650,Pune,Android,2025-08-22
USR00651,Ahmedabad,Android,2025-10-19
USR00652,Chennai,iOS,2025-12-06
USR00653,Delhi NCR,Android,2026-06-13
USR00654,Chennai,iOS,2026-06-17
USR00655,Mumbai,Android,2026-06-27
USR00656,Delhi NCR,Android,2025-09-24
USR00657,Delhi NCR,Android,2026-01-10
USR00658,Jaipur,iOS,2026-01-25
USR00659,Ahmedabad,iOS,2025-08-11
USR00660,Kolkata,Android,2025-10-08
USR00661,Hyderabad,iOS,2026-04-06
USR00662,Ahmedabad,Android,2026-05-05
USR00663,Ahmedabad,Android,2025-11-04
USR00664,Jaipur,Android,2026-03-28
USR00665,Hyderabad,iOS,2026-06-03
USR00666,Jaipur,Android,2026-04-29
USR00667,Delhi NCR,Android,2025-12-13
USR00668,Jaipur,Android,2025-08-01
USR00669,Jaipur,Android,2025-11-03
USR00670,Mumbai,Android,2026-02-03
USR00671,Pune,Android,2025-09-02
USR00672,Jaipur,iOS,2025-11-06
USR00673,Jaipur,Android,2026-05-10
USR00674,Delhi NCR,Android,2026-01-13
USR00675,Kolkata,Android,2025-09-26
USR00676,Bengaluru,Android,2025-09-04
USR00677,Mumbai,iOS,2025-10-06
USR00678,Delhi NCR,iOS,2025-11-12
USR00679,Bengaluru,Android,2025-09-20
USR00680,Mumbai,Android,2026-02-15
USR00681,Ahmedabad,Android,2026-05-30
USR00682,Hyderabad,Android,2025-11-22
USR00683,Bengaluru,Android,2025-11-15
USR00684,Ahmedabad,iOS,2025-09-10
USR00685,Ahmedabad,iOS,2025-09-01
USR00686,Chennai,Android,2026-03-01
USR00687,Chennai,iOS,2025-08-30
USR00688,Hyderabad,Android,2025-09-06
USR00689,Hyderabad,Android,2025-11-19
USR00690,Jaipur,Android,2025-11-27
USR00691,Jaipur,Android,2025-11-07
USR00692,Jaipur,Android,2026-05-19
USR00693,Delhi NCR,Android,2026-05-13
USR00694,Kolkata,iOS,2026-06-23
USR00695,Chennai,Android,2026-07-07
USR00696,Kolkata,iOS,2025-10-25
USR00697,Delhi NCR,Android,2026-04-16
USR00698,Chennai,Android,2026-05-01
USR00699,Ahmedabad,iOS,2026-01-09
USR00700,Jaipur,Web,2026-01-14
USR00701,Chennai,Android,2026-06-21
USR00702,Kolkata,iOS,2026-01-13
USR00703,Pune,Android,2025-11-18
USR00704,Kolkata,iOS,2025-12-09
USR00705,Chennai,Web,2026-03-18
USR00706,Kolkata,Android,2025-08-18
USR00707,Hyderabad,Android,2026-04-23
USR00708,Delhi NCR,Web,2026-01-02
USR00709,Mumbai,Android,2025-11-22
USR00710,Pune,iOS,2025-08-12
USR00711,Hyderabad,iOS,2026-04-19
USR00712,Jaipur,Android,2026-05-20
USR00713,Delhi NCR,Android,2026-03-24
USR00714,Chennai,Android,2025-12-14
USR00715,Chennai,iOS,2025-12-06
USR00716,Pune,Android,2026-01-01
USR00717,Bengaluru,Android,2026-05-19
USR00718,Pune,iOS,2026-01-14
USR00719,Ahmedabad,Android,2026-05-23
USR00720,Bengaluru,Android,2026-01-01
USR00721,Mumbai,iOS,2026-05-23
USR00722,Kolkata,Android,2025-08-29
USR00723,Chennai,Android,2026-03-11
USR00724,Kolkata,iOS,2025-10-01
USR00725,Pune,iOS,2026-06-05
USR00726,Mumbai,Android,2026-06-20
USR00727,Kolkata,Android,2026-04-26
USR00728,Mumbai,Android,2026-05-17
USR00729,Delhi NCR,Android,2025-11-22
USR00730,Delhi NCR,Android,2026-02-18
USR00731,Ahmedabad,iOS,2026-05-22
USR00732,Jaipur,Android,2026-03-10
USR00733,Hyderabad,iOS,2025-10-15
USR00734,Delhi NCR,Android,2026-04-01
USR00735,Mumbai,Android,2025-12-13
USR00736,Bengaluru,Android,2026-03-11
USR00737,Delhi NCR,iOS,2026-04-04
USR00738,Jaipur,Android,2026-02-19
USR00739,Pune,Android,2026-04-26
USR00740,Pune,Android,2025-12-15
USR00741,Kolkata,Android,2026-05-22
USR00742,Bengaluru,Android,2026-02-28
USR00743,Kolkata,Android,2025-11-06
USR00744,Chennai,Android,2026-07-02
USR00745,Mumbai,iOS,2025-10-26
USR00746,Chennai,Android,2026-03-15
USR00747,Delhi NCR,Android,2025-11-28
USR00748,Pune,Android,2025-10-19
USR00749,Bengaluru,Android,2025-08-28
USR00750,Pune,iOS,2025-10-15
USR00751,Hyderabad,Android,2025-09-26
USR00752,Hyderabad,Android,2025-08-12
USR00753,Chennai,Android,2026-05-03
USR00754,Pune,Android,2026-04-25
USR00755,Hyderabad,Android,2026-06-15
USR00756,Delhi NCR,Android,2026-07-09
USR00757,Mumbai,Android,2026-07-06
USR00758,Jaipur,Android,2025-10-27
USR00759,Mumbai,Android,2026-06-13
USR00760,Hyderabad,Android,2026-07-02
USR00761,Mumbai,Android,2026-07-05
USR00762,Hyderabad,Android,2026-07-04
USR00763,Chennai,iOS,2025-08-10
USR00764,Hyderabad,iOS,2026-06-29
USR00765,Kolkata,Android,2026-02-11
USR00766,Jaipur,Web,2025-09-20
USR00767,Chennai,Android,2026-06-02
USR00768,Jaipur,Android,2025-11-10
USR00769,Jaipur,Web,2026-05-15
USR00770,Mumbai,Android,2026-04-29
USR00771,Hyderabad,Android,2026-02-18
USR00772,Delhi NCR,Android,2026-01-28
USR00773,Chennai,Android,2025-11-29
USR00774,Jaipur,Android,2025-09-01
USR00775,Hyderabad,iOS,2025-08-16
USR00776,Jaipur,iOS,2025-11-24
USR00777,Delhi NCR,Android,2026-02-18
USR00778,Delhi NCR,Android,2026-02-12
USR00779,Jaipur,Web,2026-06-10
USR00780,Pune,Android,2026-05-21
USR00781,Delhi NCR,Android,2026-01-07
USR00782,Chennai,Android,2025-10-07
USR00783,Pune,Android,2026-05-25
USR00784,Jaipur,Android,2025-11-12
USR00785,Delhi NCR,Android,2026-04-26
USR00786,Delhi NCR,Android,2025-10-14
USR00787,Delhi NCR,Android,2026-05-13
USR00788,Jaipur,iOS,2025-09-30
USR00789,Delhi NCR,Android,2025-10-14
USR00790,Mumbai,iOS,2026-02-28
USR00791,Kolkata,Android,2026-06-23
USR00792,Hyderabad,Android,2025-11-05
USR00793,Bengaluru,Android,2025-08-14
USR00794,Hyderabad,Android,2026-06-10
USR00795,Pune,Android,2025-11-27
USR00796,Mumbai,Android,2026-04-02
USR00797,Delhi NCR,Android,2026-06-06
USR00798,Ahmedabad,Android,2026-02-08
USR00799,Delhi NCR,iOS,2026-04-09
USR00800,Ahmedabad,Android,2025-11-07
USR00801,Pune,Android,2025-08-08
USR00802,Hyderabad,Web,2025-11-22
USR00803,Pune,iOS,2025-09-03
USR00804,Delhi NCR,iOS,2026-03-13
USR00805,Ahmedabad,Android,2026-03-23
USR00806,Pune,Android,2025-08-22
USR00807,Kolkata,iOS,2026-02-18
USR00808,Jaipur,Android,2025-08-20
USR00809,Jaipur,Android,2026-03-22
USR00810,Mumbai,iOS,2025-12-04
USR00811,Jaipur,Android,2025-08-21
USR00812,Jaipur,Android,2026-06-19
USR00813,Mumbai,Android,2026-03-14
USR00814,Kolkata,iOS,2025-12-25
USR00815,Ahmedabad,Android,2025-12-29
USR00816,Mumbai,Android,2025-10-12
USR00817,Ahmedabad,iOS,2026-03-20
USR00818,Bengaluru,iOS,2025-09-27
USR00819,Delhi NCR,iOS,2026-05-07
USR00820,Delhi NCR,Android,2026-01-13
USR00821,Ahmedabad,Android,2026-03-21
USR00822,Pune,iOS,2025-09-16
USR00823,Hyderabad,Android,2026-06-29
USR00824,Delhi NCR,Android,2025-10-03
USR00825,Bengaluru,Android,2026-03-19
USR00826,Chennai,Android,2026-02-13
USR00827,Jaipur,Android,2025-10-21
USR00828,Kolkata,Android,2025-08-23
USR00829,Delhi NCR,iOS,2026-05-17
USR00830,Delhi NCR,Android,2025-10-14
USR00831,Delhi NCR,iOS,2025-08-27
USR00832,Kolkata,Android,2026-03-17
USR00833,Hyderabad,Android,2025-09-30
USR00834,Delhi NCR,Web,2025-08-02
USR00835,Hyderabad,Android,2026-04-12
USR00836,Ahmedabad,Android,2025-08-03
USR00837,Ahmedabad,Android,2026-05-29
USR00838,Ahmedabad,Android,2026-03-15
USR00839,Bengaluru,Android,2025-08-04
USR00840,Pune,iOS,2025-12-21
USR00841,Jaipur,iOS,2025-11-15
USR00842,Mumbai,Android,2025-08-29
USR00843,Chennai,Android,2025-08-17
USR00844,Hyderabad,Android,2025-09-14
USR00845,Mumbai,Android,2025-10-31
USR00846,Delhi NCR,Android,2026-06-09
USR00847,Jaipur,Android,2026-03-22
USR00848,Chennai,iOS,2025-09-17
USR00849,Hyderabad,Android,2026-02-11
USR00850,Bengaluru,iOS,2026-05-09
USR00851,Bengaluru,Android,2025-10-08
USR00852,Bengaluru,Android,2025-12-19
USR00853,Chennai,Android,2026-04-26
USR00854,Pune,Android,2026-06-10
USR00855,Mumbai,Android,2026-06-19
USR00856,Jaipur,Web,2026-04-05
USR00857,Hyderabad,Android,2026-01-10
USR00858,Hyderabad,Android,2026-06-16
USR00859,Chennai,iOS,2026-06-11
USR00860,Ahmedabad,Android,2026-06-20
USR00861,Ahmedabad,Android,2025-11-01
USR00862,Pune,Android,2025-11-08
USR00863,Mumbai,Android,2026-03-27
USR00864,Bengaluru,iOS,2025-11-15
USR00865,Kolkata,Android,2026-01-18
USR00866,Chennai,Android,2026-06-23
USR00867,Pune,Android,2025-11-12
USR00868,Hyderabad,Android,2025-09-04
USR00869,Hyderabad,Android,2026-05-09
USR00870,Chennai,iOS,2025-09-28
USR00871,Chennai,Android,2026-05-19
USR00872,Mumbai,iOS,2025-11-08
USR00873,Chennai,iOS,2026-07-11
USR00874,Ahmedabad,iOS,2025-08-19
USR00875,Delhi NCR,Android,2026-06-18
USR00876,Ahmedabad,iOS,2026-05-02
USR00877,Chennai,Android,2026-02-28
USR00878,Mumbai,iOS,2026-01-01
USR00879,Chennai,Android,2025-08-10
USR00880,Pune,Android,2026-01-17
USR00881,Chennai,Android,2025-10-16
USR00882,Hyderabad,iOS,2026-01-21
USR00883,Kolkata,Android,2025-10-24
USR00884,Kolkata,Android,2025-09-29
USR00885,Hyderabad,Android,2026-01-09
USR00886,Mumbai,Android,2025-09-14
USR00887,Ahmedabad,iOS,2026-02-07
USR00888,Ahmedabad,iOS,2026-01-02
USR00889,Pune,Android,2025-10-29
USR00890,Bengaluru,Android,2025-08-20
USR00891,Pune,iOS,2026-03-16
USR00892,Jaipur,Android,2026-04-05
USR00893,Jaipur,Android,2026-01-22
USR00894,Ahmedabad,iOS,2026-04-26
USR00895,Hyderabad,iOS,2025-10-13
USR00896,Bengaluru,iOS,2026-04-22
USR00897,Delhi NCR,Android,2025-08-19
USR00898,Ahmedabad,Android,2026-04-25
USR00899,Bengaluru,Android,2025-08-23
USR00900,Bengaluru,Android,2025-08-24
USR00901,Bengaluru,Android,2026-07-04
USR00902,Hyderabad,Android,2026-01-07
USR00903,Pune,Android,2025-11-07
USR00904,Hyderabad,Android,2026-01-11
USR00905,Ahmedabad,Android,2025-12-18
USR00906,Delhi NCR,Android,2025-09-28
USR00907,Mumbai,Web,2026-05-14
USR00908,Jaipur,Android,2026-05-05
USR00909,Chennai,Android,2025-12-17
USR00910,Delhi NCR,iOS,2025-12-24
USR00911,Pune,Android,2026-01-07
USR00912,Chennai,Android,2025-08-26
USR00913,Delhi NCR,Android,2026-07-12
USR00914,Mumbai,Android,2025-08-28
USR00915,Bengaluru,Android,2025-10-31
USR00916,Ahmedabad,Android,2026-01-07
USR00917,Chennai,iOS,2026-07-10
USR00918,Jaipur,Android,2026-03-27
USR00919,Delhi NCR,Android,2026-03-28
USR00920,Bengaluru,Android,2026-06-26
USR00921,Ahmedabad,Android,2025-11-23
USR00922,Delhi NCR,iOS,2026-06-12
USR00923,Hyderabad,iOS,2026-02-17
USR00924,Delhi NCR,Android,2026-07-07
USR00925,Chennai,iOS,2026-01-14
USR00926,Ahmedabad,Android,2025-09-03
USR00927,Ahmedabad,Android,2026-04-03
USR00928,Ahmedabad,iOS,2025-12-23
USR00929,Chennai,Android,2025-10-05
USR00930,Jaipur,Android,2025-09-24
USR00931,Chennai,Android,2025-09-06
USR00932,Hyderabad,Android,2026-02-22
USR00933,Kolkata,Android,2025-12-03
USR00934,Jaipur,Android,2026-04-04
USR00935,Kolkata,Android,2025-11-15
USR00936,Kolkata,iOS,2026-03-11
USR00937,Chennai,Android,2025-11-29
USR00938,Delhi NCR,Android,2025-09-09
USR00939,Ahmedabad,Android,2026-06-02
USR00940,Ahmedabad,Android,2025-09-19
USR00941,Ahmedabad,Android,2026-02-24
USR00942,Bengaluru,Android,2026-06-02
USR00943,Kolkata,Android,2026-06-27
USR00944,Mumbai,Android,2025-10-11
USR00945,Mumbai,iOS,2026-07-05
USR00946,Delhi NCR,Android,2025-12-28
USR00947,Kolkata,Android,2026-03-17
USR00948,Pune,Android,2026-01-10
USR00949,Hyderabad,Android,2026-07-14
USR00950,Hyderabad,iOS,2026-03-11
USR00951,Chennai,Web,2026-05-26
USR00952,Mumbai,Android,2026-04-19
USR00953,Kolkata,iOS,2025-12-29
USR00954,Mumbai,Android,2026-05-09
USR00955,Mumbai,Android,2026-05-14
USR00956,Chennai,Android,2025-12-23
USR00957,Mumbai,Android,2026-05-30
USR00958,Kolkata,Android,2026-02-12
USR00959,Kolkata,Android,2026-05-07
USR00960,Pune,Android,2026-04-01
USR00961,Delhi NCR,Android,2026-02-13
USR00962,Chennai,iOS,2025-10-18
USR00963,Hyderabad,Web,2026-07-10
USR00964,Delhi NCR,Android,2025-09-06
USR00965,Mumbai,Android,2026-04-07
USR00966,Kolkata,Web,2025-10-09
USR00967,Bengaluru,Android,2026-03-01
USR00968,Ahmedabad,iOS,2026-06-06
USR00969,Kolkata,Android,2026-03-21
USR00970,Jaipur,Android,2026-03-19
USR00971,Kolkata,Android,2025-11-04
USR00972,Kolkata,Android,2026-05-23
USR00973,Ahmedabad,iOS,2025-11-30
USR00974,Jaipur,Android,2026-05-07
USR00975,Chennai,Android,2025-08-20
USR00976,Ahmedabad,Android,2025-09-27
USR00977,Ahmedabad,Web,2025-09-10
USR00978,Delhi NCR,iOS,2026-04-27
USR00979,Hyderabad,Android,2025-09-10
USR00980,Jaipur,iOS,2025-09-15
USR00981,Pune,Android,2026-07-06
USR00982,Bengaluru,Android,2026-05-04
USR00983,Hyderabad,Android,2026-01-23
USR00984,Jaipur,iOS,2026-03-29
USR00985,Ahmedabad,Android,2026-03-29
USR00986,Chennai,Android,2025-12-29
USR00987,Hyderabad,Android,2026-06-02
USR00988,Hyderabad,iOS,2026-05-16
USR00989,Hyderabad,Android,2026-03-31
USR00990,Delhi NCR,Android,2026-07-03
USR00991,Hyderabad,iOS,2026-06-16
USR00992,Mumbai,Android,2025-09-12
USR00993,Delhi NCR,Android,2025-12-21
USR00994,Hyderabad,Android,2025-12-22
USR00995,Hyderabad,iOS,2025-08-08
USR00996,Bengaluru,Android,2026-05-30
USR00997,Delhi NCR,Android,2026-02-06
USR00998,Delhi NCR,Android,2025-11-29
USR00999,Ahmedabad,Android,2026-04-28
USR01000,Mumbai,Android,2025-09-13
USR01001,Delhi NCR,Android,2025-10-18
USR01002,Ahmedabad,iOS,2026-02-28
USR01003,Kolkata,Android,2026-03-14
USR01004,Delhi NCR,Android,2026-01-24
USR01005,Mumbai,Android,2025-09-29
USR01006,Mumbai,Android,2026-02-21
USR01007,Ahmedabad,Android,2026-04-30
USR01008,Pune,Android,2026-02-16
USR01009,Ahmedabad,Android,2026-04-29
USR01010,Kolkata,Android,2026-03-18
USR01011,Kolkata,Android,2026-04-29
USR01012,Mumbai,Android,2026-04-30
USR01013,Chennai,Web,2026-03-10
USR01014,Hyderabad,Android,2025-12-15
USR01015,Bengaluru,Android,2026-05-27
USR01016,Kolkata,Android,2026-07-12
USR01017,Pune,iOS,2026-05-29
USR01018,Pune,Android,2026-07-13
USR01019,Delhi NCR,Android,2025-08-06
USR01020,Mumbai,iOS,2025-08-07
USR01021,Kolkata,Android,2025-09-23
USR01022,Ahmedabad,Android,2025-12-24
USR01023,Hyderabad,Android,2025-08-13
USR01024,Bengaluru,Android,2026-06-01
USR01025,Pune,Web,2026-06-23
USR01026,Bengaluru,Android,2025-10-01
USR01027,Bengaluru,iOS,2025-10-06
USR01028,Kolkata,Android,2026-06-28
USR01029,Delhi NCR,iOS,2025-11-03
USR01030,Hyderabad,Android,2026-07-05
USR01031,Bengaluru,Android,2025-12-20
USR01032,Kolkata,Android,2026-07-08
USR01033,Chennai,Android,2025-09-07
USR01034,Hyderabad,iOS,2026-02-12
USR01035,Kolkata,Android,2025-08-31
USR01036,Hyderabad,Web,2025-12-14
USR01037,Delhi NCR,Android,2026-04-09
USR01038,Pune,Android,2025-10-31
USR01039,Ahmedabad,Android,2026-05-04
USR01040,Kolkata,Android,2026-06-26
USR01041,Bengaluru,iOS,2025-12-11
USR01042,Bengaluru,Android,2025-09-06
USR01043,Hyderabad,iOS,2025-08-10
USR01044,Ahmedabad,Android,2026-06-24
USR01045,Mumbai,iOS,2026-07-07
USR01046,Kolkata,Android,2026-01-16
USR01047,Kolkata,Android,2026-04-21
USR01048,Ahmedabad,Android,2026-02-23
USR01049,Bengaluru,Android,2025-08-02
USR01050,Kolkata,Web,2026-04-04
USR01051,Bengaluru,Android,2026-01-31
USR01052,Chennai,Android,2026-02-22
USR01053,Mumbai,Android,2026-06-28
USR01054,Bengaluru,Android,2026-01-22
USR01055,Bengaluru,iOS,2025-12-27
USR01056,Pune,Android,2025-08-21
USR01057,Kolkata,Android,2026-01-01
USR01058,Kolkata,iOS,2026-06-19
USR01059,Chennai,Android,2026-06-20
USR01060,Ahmedabad,iOS,2025-10-11
USR01061,Mumbai,Android,2026-05-31
USR01062,Pune,Android,2025-09-02
USR01063,Jaipur,Android,2026-04-13
USR01064,Jaipur,Web,2026-03-19
USR01065,Mumbai,Android,2025-08-29
USR01066,Chennai,iOS,2025-08-22
USR01067,Kolkata,Android,2026-07-01
USR01068,Jaipur,Android,2026-07-14
USR01069,Jaipur,Android,2026-05-24
USR01070,Pune,iOS,2025-08-19
USR01071,Delhi NCR,Android,2025-08-10
USR01072,Ahmedabad,iOS,2026-06-13
USR01073,Mumbai,Android,2026-06-29
USR01074,Delhi NCR,Android,2026-06-20
USR01075,Mumbai,iOS,2025-09-19
USR01076,Ahmedabad,Android,2026-05-30
USR01077,Bengaluru,iOS,2025-09-24
USR01078,Bengaluru,Android,2026-06-12
USR01079,Pune,Android,2025-11-12
USR01080,Kolkata,Android,2026-07-14
USR01081,Kolkata,Android,2026-05-22
USR01082,Jaipur,Android,2025-11-18
USR01083,Mumbai,Android,2026-01-19
USR01084,Bengaluru,Android,2025-10-12
USR01085,Kolkata,Android,2026-02-06
USR01086,Jaipur,Android,2025-12-03
USR01087,Mumbai,Android,2026-06-20
USR01088,Kolkata,iOS,2025-08-09
USR01089,Ahmedabad,Android,2025-08-04
USR01090,Delhi NCR,iOS,2026-06-30
USR01091,Hyderabad,Android,2026-04-01
USR01092,Delhi NCR,Android,2026-06-24
USR01093,Hyderabad,Android,2026-02-27
USR01094,Pune,iOS,2026-06-09
USR01095,Mumbai,Android,2026-04-13
USR01096,Bengaluru,Android,2026-01-02
USR01097,Chennai,Android,2026-05-13
USR01098,Pune,Android,2026-04-29
USR01099,Bengaluru,Android,2026-05-04
USR01100,Jaipur,Android,2026-06-17
USR01101,Pune,Android,2025-11-08
USR01102,Bengaluru,iOS,2026-03-31
USR01103,Ahmedabad,Android,2026-07-10
USR01104,Mumbai,Android,2026-02-03
USR01105,Hyderabad,Android,2025-12-07
USR01106,Chennai,Android,2026-03-21
USR01107,Mumbai,Android,2025-08-27
USR01108,Jaipur,Android,2025-08-15
USR01109,Ahmedabad,Android,2025-09-06
USR01110,Pune,iOS,2026-05-31
USR01111,Chennai,Android,2026-07-13
USR01112,Chennai,Android,2025-09-26
USR01113,Chennai,Android,2025-11-30
USR01114,Kolkata,iOS,2026-02-09
USR01115,Pune,Android,2026-05-27
USR01116,Ahmedabad,Android,2026-03-12
USR01117,Delhi NCR,Android,2026-06-09
USR01118,Ahmedabad,Android,2026-02-08
USR01119,Delhi NCR,Android,2025-11-08
USR01120,Chennai,Web,2025-11-12
USR01121,Chennai,Android,2026-05-19
USR01122,Mumbai,Android,2025-09-26
USR01123,Ahmedabad,Android,2025-10-27
USR01124,Chennai,Android,2025-12-30
USR01125,Delhi NCR,iOS,2026-06-23
USR01126,Delhi NCR,Android,2026-05-11
USR01127,Pune,Android,2026-04-25
USR01128,Ahmedabad,iOS,2025-11-19
USR01129,Ahmedabad,iOS,2025-12-21
USR01130,Mumbai,iOS,2025-12-05
USR01131,Pune,Android,2026-05-24
USR01132,Pune,iOS,2026-05-30
USR01133,Delhi NCR,iOS,2025-08-03
USR01134,Kolkata,Web,2025-08-21
USR01135,Ahmedabad,iOS,2026-04-16
USR01136,Mumbai,Android,2026-02-18
USR01137,Ahmedabad,iOS,2025-09-20
USR01138,Ahmedabad,Android,2025-09-12
USR01139,Jaipur,iOS,2026-02-25
USR01140,Pune,Android,2025-12-30
USR01141,Pune,Android,2025-09-16
USR01142,Mumbai,Android,2026-01-04
USR01143,Delhi NCR,Android,2026-05-20
USR01144,Mumbai,Web,2026-03-26
USR01145,Delhi NCR,iOS,2026-02-24
USR01146,Delhi NCR,iOS,2026-02-06
USR01147,Ahmedabad,Android,2025-08-01
USR01148,Bengaluru,Android,2026-01-18
USR01149,Jaipur,Android,2026-03-07
USR01150,Hyderabad,Android,2026-06-10
USR01151,Jaipur,Android,2025-11-15
USR01152,Bengaluru,Android,2026-01-19
USR01153,Mumbai,Android,2026-07-12
USR01154,Chennai,iOS,2025-09-26
USR01155,Kolkata,Android,2026-06-13
USR01156,Mumbai,Android,2025-10-29
USR01157,Jaipur,Android,2026-05-15
USR01158,Pune,Android,2026-01-19
USR01159,Pune,Android,2026-06-29
USR01160,Ahmedabad,iOS,2026-05-25
USR01161,Pune,iOS,2025-11-24
USR01162,Chennai,Android,2025-12-15
USR01163,Jaipur,Android,2025-12-20
USR01164,Mumbai,Android,2026-01-24
USR01165,Ahmedabad,Android,2026-04-27
USR01166,Bengaluru,Android,2026-04-30
USR01167,Jaipur,iOS,2026-03-20
USR01168,Chennai,iOS,2025-09-03
USR01169,Pune,iOS,2026-03-23
USR01170,Bengaluru,Android,2025-10-31
USR01171,Hyderabad,Web,2025-09-09
USR01172,Bengaluru,Android,2025-09-27
USR01173,Delhi NCR,Android,2025-11-13
USR01174,Jaipur,Web,2025-08-12
USR01175,Hyderabad,Android,2026-07-16
USR01176,Jaipur,iOS,2026-03-31
USR01177,Chennai,Android,2026-06-27
USR01178,Mumbai,Android,2025-09-02
USR01179,Mumbai,iOS,2025-11-27
USR01180,Jaipur,Android,2026-02-27
USR01181,Chennai,Android,2026-01-15
USR01182,Ahmedabad,Android,2026-04-29
USR01183,Jaipur,Android,2026-01-03
USR01184,Delhi NCR,iOS,2026-01-04
USR01185,Delhi NCR,iOS,2025-11-25
USR01186,Ahmedabad,Android,2025-12-26
USR01187,Mumbai,Android,2025-12-24
USR01188,Ahmedabad,Web,2026-06-13
USR01189,Delhi NCR,Android,2025-12-25
USR01190,Delhi NCR,Web,2026-07-08
USR01191,Delhi NCR,Android,2025-09-29
USR01192,Mumbai,Web,2026-05-22
USR01193,Delhi NCR,Android,2026-02-06
USR01194,Delhi NCR,Android,2025-08-18
USR01195,Chennai,Web,2025-10-15
USR01196,Chennai,Android,2025-10-23
USR01197,Jaipur,Android,2025-08-13
USR01198,Kolkata,iOS,2025-10-14
USR01199,Ahmedabad,iOS,2025-10-19
USR01200,Mumbai,Web,2026-05-07
USR01201,Jaipur,Android,2025-12-30
USR01202,Ahmedabad,iOS,2026-05-21
USR01203,Delhi NCR,iOS,2026-03-15
USR01204,Chennai,Android,2026-04-03
USR01205,Mumbai,Android,2026-05-10
USR01206,Bengaluru,Android,2026-02-22
USR01207,Pune,Android,2025-09-17
USR01208,Chennai,Android,2026-06-25
USR01209,Pune,Android,2025-11-22
USR01210,Hyderabad,Android,2025-09-12
USR01211,Jaipur,iOS,2026-07-13
USR01212,Bengaluru,Web,2026-02-18
USR01213,Pune,Android,2026-06-05
USR01214,Jaipur,iOS,2026-07-08
USR01215,Chennai,Android,2026-03-07
USR01216,Chennai,Android,2025-08-07
USR01217,Hyderabad,Android,2026-01-05
USR01218,Ahmedabad,iOS,2025-09-14
USR01219,Pune,iOS,2026-03-16
USR01220,Kolkata,iOS,2025-12-26
USR01221,Delhi NCR,iOS,2026-03-06
USR01222,Kolkata,Android,2026-05-28
USR01223,Bengaluru,Android,2026-01-03
USR01224,Ahmedabad,Web,2026-04-26
USR01225,Chennai,Android,2026-05-30
USR01226,Kolkata,Android,2026-02-26
USR01227,Hyderabad,Android,2026-05-12
USR01228,Ahmedabad,Android,2025-10-10
USR01229,Pune,Android,2026-02-12
USR01230,Hyderabad,Android,2025-08-22
USR01231,Hyderabad,iOS,2026-01-03
USR01232,Ahmedabad,Android,2026-03-26
USR01233,Pune,Android,2025-08-02
USR01234,Delhi NCR,Android,2026-06-24
USR01235,Ahmedabad,Android,2026-07-07
USR01236,Hyderabad,Android,2026-04-09
USR01237,Pune,Android,2025-12-20
USR01238,Ahmedabad,Web,2025-09-04
USR01239,Chennai,Android,2026-05-17
USR01240,Kolkata,iOS,2026-06-18
USR01241,Ahmedabad,Web,2025-10-01
USR01242,Chennai,Android,2026-05-22
USR01243,Mumbai,iOS,2025-10-23
USR01244,Mumbai,Android,2026-03-25
USR01245,Delhi NCR,Android,2025-08-28
USR01246,Hyderabad,Android,2026-06-22
USR01247,Chennai,Android,2025-12-28
USR01248,Jaipur,Android,2025-09-09
USR01249,Jaipur,Android,2026-06-18
USR01250,Delhi NCR,iOS,2026-06-03
USR01251,Delhi NCR,Android,2026-01-09
USR01252,Hyderabad,Android,2026-02-02
USR01253,Bengaluru,Android,2026-01-28
USR01254,Delhi NCR,Android,2026-04-23
USR01255,Hyderabad,Android,2026-04-06
USR01256,Kolkata,Android,2025-10-23
USR01257,Bengaluru,Android,2026-04-15
USR01258,Pune,iOS,2026-05-14
USR01259,Jaipur,iOS,2026-05-10
USR01260,Bengaluru,Android,2025-09-09
USR01261,Bengaluru,iOS,2025-08-09
USR01262,Ahmedabad,Android,2026-02-02
USR01263,Delhi NCR,iOS,2026-06-02
USR01264,Jaipur,iOS,2026-01-23
USR01265,Delhi NCR,Android,2025-08-15
USR01266,Bengaluru,Android,2025-10-12
USR01267,Pune,Android,2025-11-16
USR01268,Delhi NCR,Web,2026-03-06
USR01269,Bengaluru,Android,2026-04-05
USR01270,Kolkata,Android,2025-09-25
USR01271,Mumbai,iOS,2026-04-20
USR01272,Mumbai,Android,2025-12-08
USR01273,Mumbai,Android,2026-07-08
USR01274,Mumbai,iOS,2025-10-03
USR01275,Pune,Android,2025-11-11
USR01276,Delhi NCR,Android,2025-08-15
USR01277,Bengaluru,Android,2025-12-21
USR01278,Chennai,Android,2026-04-14
USR01279,Pune,Android,2025-09-04
USR01280,Bengaluru,iOS,2025-08-08
USR01281,Jaipur,Android,2025-11-07
USR01282,Hyderabad,Android,2026-05-03
USR01283,Mumbai,Web,2025-09-20
USR01284,Pune,iOS,2026-04-01
USR01285,Chennai,Android,2025-11-03
USR01286,Ahmedabad,Android,2025-09-24
USR01287,Delhi NCR,iOS,2026-02-11
USR01288,Kolkata,Android,2025-11-25
USR01289,Kolkata,Android,2026-01-08
USR01290,Bengaluru,Android,2026-04-24
USR01291,Delhi NCR,Android,2026-02-01
USR01292,Hyderabad,Android,2025-08-21
USR01293,Bengaluru,Android,2025-09-29
USR01294,Kolkata,Android,2026-06-04
USR01295,Hyderabad,Android,2026-03-16
USR01296,Pune,Android,2025-12-27
USR01297,Kolkata,Android,2025-09-05
USR01298,Ahmedabad,iOS,2026-02-05
USR01299,Delhi NCR,Android,2026-07-12
USR01300,Ahmedabad,Android,2026-02-19
USR01301,Ahmedabad,Android,2026-07-13
USR01302,Bengaluru,Android,2026-02-19
USR01303,Kolkata,Android,2025-09-22
USR01304,Delhi NCR,Android,2025-11-10
USR01305,Chennai,Android,2026-02-23
USR01306,Bengaluru,Android,2026-03-06
USR01307,Ahmedabad,Android,2026-05-25
USR01308,Hyderabad,iOS,2026-06-26
USR01309,Kolkata,Android,2026-07-08
USR01310,Kolkata,Web,2026-04-19
USR01311,Hyderabad,Android,2026-03-21
USR01312,Bengaluru,Android,2026-04-08
USR01313,Ahmedabad,Android,2025-10-08
USR01314,Mumbai,Android,2025-08-28
USR01315,Bengaluru,Android,2025-08-14
USR01316,Delhi NCR,Android,2026-07-14
USR01317,Chennai,Android,2026-06-15
USR01318,Bengaluru,iOS,2026-07-05
USR01319,Jaipur,iOS,2026-03-27
USR01320,Pune,Android,2026-04-12
USR01321,Ahmedabad,Android,2026-05-05
USR01322,Chennai,iOS,2026-05-04
USR01323,Jaipur,Android,2025-08-17
USR01324,Kolkata,iOS,2025-09-30
USR01325,Kolkata,Android,2026-02-09
USR01326,Ahmedabad,Android,2025-08-17
USR01327,Delhi NCR,Android,2026-01-03
USR01328,Delhi NCR,Android,2025-10-08
USR01329,Hyderabad,Android,2026-04-07
USR01330,Bengaluru,Android,2026-04-09
USR01331,Jaipur,Android,2026-05-20
USR01332,Ahmedabad,Android,2025-10-20
USR01333,Jaipur,Android,2025-12-13
USR01334,Ahmedabad,Android,2026-02-10
USR01335,Chennai,iOS,2025-12-24
USR01336,Chennai,Android,2026-05-30
USR01337,Mumbai,Android,2026-02-04
USR01338,Chennai,iOS,2026-05-26
USR01339,Mumbai,iOS,2026-06-17
USR01340,Chennai,Android,2026-03-08
USR01341,Chennai,Web,2026-02-27
USR01342,Chennai,Android,2025-12-04
USR01343,Pune,Android,2026-01-07
USR01344,Bengaluru,iOS,2025-09-03
USR01345,Hyderabad,Android,2025-10-26
USR01346,Mumbai,Android,2025-08-20
USR01347,Ahmedabad,Android,2026-03-05
USR01348,Jaipur,iOS,2025-12-15
USR01349,Mumbai,Android,2026-05-29
USR01350,Mumbai,Web,2026-02-10
USR01351,Kolkata,Android,2025-09-20
USR01352,Ahmedabad,Android,2026-07-12
USR01353,Pune,Android,2026-04-15
USR01354,Chennai,Android,2026-01-01
USR01355,Chennai,Web,2025-11-12
USR01356,Ahmedabad,Android,2025-09-08
USR01357,Jaipur,Android,2025-12-14
USR01358,Mumbai,Android,2026-05-21
USR01359,Kolkata,iOS,2026-06-16
USR01360,Bengaluru,Android,2026-05-24
USR01361,Bengaluru,Android,2025-12-18
USR01362,Bengaluru,Android,2026-04-29
USR01363,Ahmedabad,Android,2026-01-25
USR01364,Bengaluru,Android,2026-01-02
USR01365,Jaipur,iOS,2026-03-10
USR01366,Jaipur,Android,2026-03-01
USR01367,Kolkata,Android,2026-04-21
USR01368,Ahmedabad,Android,2026-05-08
USR01369,Delhi NCR,iOS,2026-06-18
USR01370,Jaipur,iOS,2026-05-23
USR01371,Ahmedabad,Android,2026-03-28
USR01372,Hyderabad,iOS,2026-04-30
USR01373,Kolkata,iOS,2026-06-17
USR01374,Mumbai,Android,2026-02-03
USR01375,Ahmedabad,Android,2025-10-17
USR01376,Hyderabad,iOS,2026-02-27
USR01377,Chennai,iOS,2025-09-02
USR01378,Pune,iOS,2025-12-15
USR01379,Hyderabad,Android,2025-12-10
USR01380,Pune,Android,2025-09-28
USR01381,Delhi NCR,Android,2025-12-04
USR01382,Hyderabad,Android,2026-05-14
USR01383,Kolkata,Android,2025-08-19
USR01384,Pune,Android,2025-10-09
USR01385,Mumbai,Android,2025-12-21
USR01386,Jaipur,Android,2025-08-22
USR01387,Ahmedabad,iOS,2025-08-29
USR01388,Bengaluru,Android,2025-12-31
USR01389,Bengaluru,iOS,2026-02-25
USR01390,Chennai,Android,2025-09-16
USR01391,Kolkata,iOS,2025-10-11
USR01392,Pune,Android,2026-04-14
USR01393,Bengaluru,Android,2026-05-25
USR01394,Jaipur,Android,2025-09-16
USR01395,Pune,Android,2026-01-08
USR01396,Chennai,iOS,2026-02-16
USR01397,Pune,iOS,2025-11-20
USR01398,Delhi NCR,Android,2025-11-18
USR01399,Hyderabad,Android,2025-12-09
USR01400,Mumbai,Android,2026-02-08
USR01401,Bengaluru,Android,2026-03-05
USR01402,Ahmedabad,Android,2025-12-21
USR01403,Delhi NCR,Android,2026-02-05
USR01404,Hyderabad,Android,2026-06-07
USR01405,Mumbai,iOS,2026-07-06
USR01406,Mumbai,Android,2026-07-10
USR01407,Pune,Android,2026-02-13
USR01408,Hyderabad,Android,2026-02-02
USR01409,Bengaluru,Android,2025-11-30
USR01410,Ahmedabad,Android,2026-02-18
USR01411,Hyderabad,Android,2025-11-29
USR01412,Hyderabad,Android,2025-10-22
USR01413,Ahmedabad,Android,2026-06-26
USR01414,Kolkata,iOS,2025-12-19
USR01415,Bengaluru,iOS,2026-04-09
USR01416,Ahmedabad,iOS,2026-01-18
USR01417,Kolkata,iOS,2025-09-21
USR01418,Delhi NCR,Android,2026-04-17
USR01419,Bengaluru,Android,2026-06-05
USR01420,Jaipur,iOS,2026-03-21
USR01421,Mumbai,iOS,2026-06-25
USR01422,Delhi NCR,Android,2026-06-25
USR01423,Delhi NCR,Android,2025-11-11
USR01424,Hyderabad,Android,2025-09-12
USR01425,Bengaluru,Android,2026-04-22
USR01426,Delhi NCR,iOS,2026-02-27
USR01427,Chennai,Android,2025-10-08
USR01428,Hyderabad,Android,2026-05-31
USR01429,Chennai,iOS,2025-11-10
USR01430,Bengaluru,Android,2025-11-02
USR01431,Kolkata,iOS,2026-05-20
USR01432,Pune,Android,2025-08-12
USR01433,Jaipur,Android,2026-06-17
USR01434,Pune,iOS,2026-03-25
USR01435,Pune,Android,2025-10-26
USR01436,Mumbai,Android,2026-03-08
USR01437,Hyderabad,Android,2026-02-05
USR01438,Delhi NCR,iOS,2025-09-30
USR01439,Mumbai,Android,2026-03-11
USR01440,Ahmedabad,iOS,2026-04-11
USR01441,Bengaluru,Android,2025-11-13
USR01442,Pune,iOS,2025-12-15
USR01443,Hyderabad,iOS,2026-02-12
USR01444,Delhi NCR,Android,2025-11-14
USR01445,Pune,Web,2025-12-23
USR01446,Pune,Android,2026-02-26
USR01447,Delhi NCR,Android,2025-12-13
USR01448,Pune,Android,2025-12-06
USR01449,Chennai,Android,2026-06-28
USR01450,Ahmedabad,Android,2026-03-29
USR01451,Delhi NCR,iOS,2026-02-20
USR01452,Pune,Android,2026-03-05
USR01453,Hyderabad,Android,2026-05-13
USR01454,Mumbai,Android,2025-11-29
USR01455,Ahmedabad,iOS,2026-06-07
USR01456,Mumbai,Android,2026-04-16
USR01457,Kolkata,Android,2026-02-19
USR01458,Chennai,Android,2026-05-14
USR01459,Mumbai,Android,2025-12-12
USR01460,Delhi NCR,Android,2026-01-21
USR01461,Ahmedabad,Android,2026-01-10
USR01462,Jaipur,Android,2025-12-12
USR01463,Bengaluru,Android,2025-10-05
USR01464,Ahmedabad,iOS,2025-12-22
USR01465,Chennai,iOS,2025-12-23
USR01466,Hyderabad,Android,2025-12-14
USR01467,Jaipur,Android,2025-10-24
USR01468,Chennai,iOS,2026-04-09
USR01469,Delhi NCR,Android,2026-07-03
USR01470,Ahmedabad,Android,2025-10-16
USR01471,Mumbai,Android,2025-08-19
USR01472,Ahmedabad,Android,2026-03-28
USR01473,Kolkata,Android,2026-04-11
USR01474,Mumbai,Android,2026-05-15
USR01475,Ahmedabad,Android,2025-09-27
USR01476,Delhi NCR,Android,2025-09-17
USR01477,Pune,iOS,2025-11-01
USR01478,Delhi NCR,iOS,2025-12-18
USR01479,Pune,Android,2025-08-03
USR01480,Jaipur,iOS,2025-11-01
USR01481,Kolkata,iOS,2025-12-05
USR01482,Ahmedabad,Android,2026-01-16
USR01483,Mumbai,Android,2026-07-15
USR01484,Bengaluru,Android,2026-05-30
USR01485,Bengaluru,iOS,2025-10-18
USR01486,Mumbai,Android,2026-07-04
USR01487,Ahmedabad,Android,2025-12-16
USR01488,Mumbai,Android,2025-08-23
USR01489,Ahmedabad,Android,2026-05-19
USR01490,Delhi NCR,Android,2025-08-25
USR01491,Hyderabad,Android,2025-08-29
USR01492,Bengaluru,Android,2026-06-05
USR01493,Kolkata,Android,2025-12-09
USR01494,Delhi NCR,Android,2026-02-21
USR01495,Bengaluru,Android,2025-11-15
USR01496,Delhi NCR,Android,2026-02-23
USR01497,Hyderabad,Android,2026-07-01
USR01498,Delhi NCR,Android,2026-04-09
USR01499,Kolkata,iOS,2026-01-06
USR01500,Delhi NCR,Android,2025-09-19
USR01501,Chennai,Android,2026-04-08
USR01502,Ahmedabad,iOS,2026-04-01
USR01503,Hyderabad,Android,2026-03-05
USR01504,Bengaluru,iOS,2026-02-05
USR01505,Delhi NCR,Android,2026-03-07
USR01506,Bengaluru,Android,2026-01-22
USR01507,Ahmedabad,Android,2026-06-28
USR01508,Delhi NCR,iOS,2026-04-27
USR01509,Jaipur,Android,2026-03-28
USR01510,Kolkata,Android,2026-04-02
USR01511,Hyderabad,Android,2025-10-05
USR01512,Hyderabad,iOS,2026-04-25
USR01513,Kolkata,Android,2025-08-25
USR01514,Jaipur,Android,2025-08-24
USR01515,Jaipur,Android,2026-03-06
USR01516,Kolkata,Android,2026-07-05
USR01517,Hyderabad,Android,2026-05-27
USR01518,Bengaluru,iOS,2025-08-09
USR01519,Bengaluru,iOS,2026-03-25
USR01520,Delhi NCR,iOS,2026-02-18
USR01521,Mumbai,Android,2025-12-31
USR01522,Chennai,Android,2026-03-21
USR01523,Ahmedabad,Android,2025-12-14
USR01524,Chennai,Web,2025-11-04
USR01525,Pune,Android,2026-06-06
USR01526,Hyderabad,iOS,2025-09-24
USR01527,Kolkata,Android,2025-08-03
USR01528,Kolkata,Android,2025-10-27
USR01529,Ahmedabad,Android,2026-02-24
USR01530,Ahmedabad,Android,2026-06-12
USR01531,Chennai,Android,2026-07-12
USR01532,Kolkata,iOS,2025-09-14
USR01533,Delhi NCR,Android,2025-11-06
USR01534,Bengaluru,iOS,2025-11-05
USR01535,Mumbai,Android,2026-06-29
USR01536,Delhi NCR,Android,2026-03-12
USR01537,Jaipur,Android,2026-01-02
USR01538,Ahmedabad,Android,2026-03-05
USR01539,Mumbai,Android,2025-10-18
USR01540,Ahmedabad,Web,2026-03-30
USR01541,Mumbai,iOS,2026-05-27
USR01542,Pune,Android,2026-05-19
USR01543,Kolkata,Android,2025-08-05
USR01544,Bengaluru,Android,2026-03-10
USR01545,Kolkata,iOS,2026-05-24
USR01546,Jaipur,Web,2025-08-19
USR01547,Ahmedabad,Android,2026-04-20
USR01548,Ahmedabad,Android,2025-09-01
USR01549,Jaipur,Android,2026-05-23
USR01550,Chennai,Android,2025-12-16
USR01551,Kolkata,iOS,2025-09-29
USR01552,Ahmedabad,Android,2026-06-27
USR01553,Chennai,Android,2026-03-12
USR01554,Mumbai,Android,2025-11-07
USR01555,Ahmedabad,Android,2025-11-27
USR01556,Jaipur,Android,2026-01-21
USR01557,Ahmedabad,Android,2025-12-29
USR01558,Kolkata,Web,2026-07-11
USR01559,Chennai,iOS,2025-10-22
USR01560,Pune,Android,2025-09-14
USR01561,Ahmedabad,Android,2025-11-11
USR01562,Delhi NCR,Android,2025-09-21
USR01563,Kolkata,iOS,2026-04-10
USR01564,Hyderabad,Android,2026-05-13
USR01565,Mumbai,Web,2026-01-31
USR01566,Hyderabad,Android,2025-10-21
USR01567,Delhi NCR,iOS,2026-04-15
USR01568,Mumbai,iOS,2026-01-20
USR01569,Kolkata,Android,2025-11-25
USR01570,Bengaluru,Android,2026-04-07
USR01571,Hyderabad,Web,2026-01-29
USR01572,Mumbai,iOS,2026-05-13
USR01573,Hyderabad,iOS,2026-04-21
USR01574,Bengaluru,Android,2026-03-13
USR01575,Ahmedabad,Web,2025-09-26
USR01576,Bengaluru,iOS,2026-06-09
USR01577,Bengaluru,iOS,2025-08-22
USR01578,Jaipur,Android,2026-06-19
USR01579,Bengaluru,iOS,2026-02-02
USR01580,Delhi NCR,iOS,2026-03-15
USR01581,Jaipur,Android,2025-09-20
USR01582,Delhi NCR,Android,2026-01-19
USR01583,Delhi NCR,Android,2025-11-12
USR01584,Ahmedabad,Web,2025-08-04
USR01585,Pune,iOS,2026-03-31
USR01586,Chennai,Android,2025-10-27
USR01587,Bengaluru,Android,2026-03-01
USR01588,Chennai,Android,2025-12-04
USR01589,Delhi NCR,iOS,2026-04-29
USR01590,Kolkata,iOS,2025-10-10
USR01591,Kolkata,Android,2026-02-26
USR01592,Ahmedabad,Web,2026-04-22
USR01593,Chennai,iOS,2026-03-15
USR01594,Delhi NCR,iOS,2026-04-22
USR01595,Bengaluru,Android,2026-01-09
USR01596,Kolkata,Web,2025-10-24
USR01597,Kolkata,Android,2025-08-19
USR01598,Delhi NCR,iOS,2025-08-30
USR01599,Jaipur,Web,2026-03-03
USR01600,Kolkata,iOS,2026-05-11
USR01601,Hyderabad,iOS,2026-01-08
USR01602,Chennai,Android,2025-12-22
USR01603,Jaipur,Android,2025-10-15
USR01604,Kolkata,Android,2025-11-14
USR01605,Jaipur,Android,2026-06-13
USR01606,Ahmedabad,Android,2026-06-29
USR01607,Kolkata,iOS,2026-01-02
USR01608,Bengaluru,Android,2026-01-19
USR01609,Kolkata,iOS,2025-10-04
USR01610,Jaipur,Web,2025-12-24
USR01611,Pune,Android,2026-05-10
USR01612,Hyderabad,Android,2026-06-22
USR01613,Delhi NCR,Android,2026-05-04
USR01614,Hyderabad,Android,2026-01-03
USR01615,Kolkata,Web,2025-09-26
USR01616,Mumbai,iOS,2025-12-11
USR01617,Jaipur,Android,2025-08-25
USR01618,Bengaluru,Android,2026-05-21
USR01619,Mumbai,Android,2025-11-29
USR01620,Jaipur,iOS,2025-11-28
USR01621,Chennai,Android,2026-07-08
USR01622,Delhi NCR,Android,2026-04-24
USR01623,Pune,Android,2026-04-22
USR01624,Pune,iOS,2026-02-01
USR01625,Ahmedabad,Android,2026-03-06
USR01626,Kolkata,Android,2025-09-01
USR01627,Kolkata,iOS,2026-04-01
USR01628,Pune,Android,2026-02-06
USR01629,Jaipur,Android,2026-05-14
USR01630,Jaipur,iOS,2025-12-14
USR01631,Ahmedabad,Android,2026-03-14
USR01632,Ahmedabad,iOS,2026-03-02
USR01633,Delhi NCR,Android,2025-10-05
USR01634,Ahmedabad,Android,2025-10-06
USR01635,Jaipur,iOS,2025-09-30
USR01636,Pune,Android,2025-08-17
USR01637,Delhi NCR,iOS,2026-02-06
USR01638,Bengaluru,Android,2026-02-26
USR01639,Bengaluru,Android,2026-05-20
USR01640,Hyderabad,Android,2025-10-18
USR01641,Bengaluru,Android,2026-02-08
USR01642,Hyderabad,Android,2025-08-15
USR01643,Delhi NCR,Android,2026-05-29
USR01644,Kolkata,Android,2026-01-04
USR01645,Hyderabad,Android,2026-04-08
USR01646,Mumbai,Android,2026-01-26
USR01647,Bengaluru,iOS,2026-03-02
USR01648,Ahmedabad,Android,2026-05-17
USR01649,Ahmedabad,iOS,2026-02-10
USR01650,Ahmedabad,iOS,2026-06-07
USR01651,Delhi NCR,iOS,2026-04-16
USR01652,Ahmedabad,iOS,2026-07-08
USR01653,Ahmedabad,Android,2026-01-14
USR01654,Bengaluru,iOS,2026-07-07
USR01655,Kolkata,Android,2026-02-19
USR01656,Chennai,Android,2026-07-10
USR01657,Ahmedabad,iOS,2026-06-27
USR01658,Bengaluru,iOS,2025-08-13
USR01659,Hyderabad,Android,2025-10-03
USR01660,Jaipur,Android,2026-06-13
USR01661,Jaipur,Android,2025-08-28
USR01662,Jaipur,Android,2026-04-01
USR01663,Jaipur,iOS,2025-10-01
USR01664,Jaipur,Android,2025-08-10
USR01665,Hyderabad,iOS,2025-12-04
USR01666,Ahmedabad,Android,2026-05-01
USR01667,Chennai,Android,2025-08-24
USR01668,Ahmedabad,iOS,2025-08-12
USR01669,Chennai,Android,2026-03-01
USR01670,Mumbai,iOS,2026-01-10
USR01671,Kolkata,Android,2025-09-28
USR01672,Bengaluru,Android,2025-12-25
USR01673,Delhi NCR,Android,2025-09-15
USR01674,Delhi NCR,Android,2026-02-25
USR01675,Delhi NCR,Android,2026-01-14
USR01676,Delhi NCR,Android,2025-08-30
USR01677,Hyderabad,Android,2026-01-11
USR01678,Delhi NCR,Android,2026-01-13
USR01679,Hyderabad,Android,2025-10-01
USR01680,Mumbai,Android,2026-06-02
USR01681,Pune,Android,2026-04-16
USR01682,Kolkata,iOS,2025-12-16
USR01683,Mumbai,Android,2026-05-11
USR01684,Kolkata,Android,2025-08-15
USR01685,Kolkata,Android,2025-08-10
USR01686,Hyderabad,Android,2026-05-28
USR01687,Bengaluru,Android,2026-05-12
USR01688,Delhi NCR,Android,2026-02-25
USR01689,Ahmedabad,Android,2026-06-22
USR01690,Jaipur,Android,2025-10-12
USR01691,Chennai,Android,2025-10-26
USR01692,Pune,Android,2026-03-05
USR01693,Jaipur,Android,2025-08-01
USR01694,Ahmedabad,Web,2026-06-14
USR01695,Hyderabad,Android,2025-10-25
USR01696,Mumbai,Android,2026-04-04
USR01697,Hyderabad,Android,2026-07-15
USR01698,Kolkata,Web,2026-06-20
USR01699,Pune,Android,2026-04-19
USR01700,Hyderabad,Android,2026-05-01
USR01701,Bengaluru,Android,2026-02-19
USR01702,Bengaluru,iOS,2026-05-12
USR01703,Hyderabad,iOS,2025-11-16
USR01704,Jaipur,Web,2026-01-10
USR01705,Chennai,Android,2026-03-20
USR01706,Hyderabad,Android,2026-01-12
USR01707,Chennai,Android,2026-06-03
USR01708,Chennai,Android,2025-10-08
USR01709,Mumbai,Android,2025-08-03
USR01710,Mumbai,Android,2026-02-28
USR01711,Jaipur,iOS,2026-04-08
USR01712,Kolkata,Android,2026-06-29
USR01713,Bengaluru,Android,2026-07-10
USR01714,Ahmedabad,Android,2026-01-28
USR01715,Kolkata,iOS,2026-01-31
USR01716,Kolkata,Android,2025-08-05
USR01717,Bengaluru,Android,2025-11-07
USR01718,Ahmedabad,Android,2025-08-11
USR01719,Hyderabad,Android,2026-01-31
USR01720,Pune,Android,2026-06-11
USR01721,Hyderabad,iOS,2025-11-22
USR01722,Pune,Web,2026-02-02
USR01723,Mumbai,Android,2026-06-07
USR01724,Pune,Android,2026-06-23
USR01725,Kolkata,Android,2025-12-21
USR01726,Jaipur,Android,2026-05-10
USR01727,Pune,Android,2026-05-17
USR01728,Delhi NCR,Android,2025-10-05
USR01729,Bengaluru,Android,2026-05-19
USR01730,Pune,iOS,2025-12-19
USR01731,Pune,iOS,2025-08-12
USR01732,Jaipur,Android,2026-07-15
USR01733,Jaipur,iOS,2025-08-02
USR01734,Kolkata,Android,2026-06-29
USR01735,Mumbai,iOS,2026-01-13
USR01736,Kolkata,iOS,2026-02-25
USR01737,Hyderabad,Android,2026-04-23
USR01738,Ahmedabad,Android,2026-04-22
USR01739,Mumbai,iOS,2025-11-23
USR01740,Mumbai,Android,2026-03-04
USR01741,Jaipur,Android,2025-08-03
USR01742,Kolkata,Android,2025-09-11
USR01743,Mumbai,Web,2025-11-24
USR01744,Kolkata,Web,2025-12-06
USR01745,Pune,Android,2026-01-07
USR01746,Bengaluru,Android,2025-09-19
USR01747,Mumbai,Android,2025-08-13
USR01748,Chennai,iOS,2025-12-05
USR01749,Bengaluru,Android,2026-01-22
USR01750,Mumbai,iOS,2026-04-24
USR01751,Pune,iOS,2026-06-04
USR01752,Ahmedabad,iOS,2026-06-17
USR01753,Ahmedabad,Android,2025-09-13
USR01754,Mumbai,iOS,2026-02-10
USR01755,Chennai,iOS,2025-09-03
USR01756,Delhi NCR,Android,2026-03-15
USR01757,Mumbai,Android,2026-06-17
USR01758,Kolkata,Android,2026-07-13
USR01759,Mumbai,Android,2025-12-29
USR01760,Kolkata,Android,2026-06-13
USR01761,Kolkata,Android,2026-06-03
USR01762,Mumbai,Android,2026-03-26
USR01763,Kolkata,iOS,2026-06-14
USR01764,Bengaluru,Android,2026-07-12
USR01765,Mumbai,Android,2026-01-16
USR01766,Pune,Android,2025-08-07
USR01767,Bengaluru,Android,2025-11-08
USR01768,Delhi NCR,Android,2025-12-10
USR01769,Chennai,Android,2026-06-14
USR01770,Ahmedabad,Android,2025-10-10
USR01771,Mumbai,Android,2026-01-07
USR01772,Kolkata,Android,2026-06-30
USR01773,Chennai,Android,2026-05-05
USR01774,Delhi NCR,Android,2026-01-06
USR01775,Chennai,Android,2025-08-05
USR01776,Jaipur,Android,2026-07-14
USR01777,Delhi NCR,Android,2026-04-17
USR01778,Jaipur,iOS,2026-03-05
USR01779,Chennai,Android,2025-11-11
USR01780,Pune,iOS,2026-01-22
USR01781,Pune,Android,2026-03-28
USR01782,Chennai,iOS,2026-05-17
USR01783,Chennai,Android,2026-03-03
USR01784,Chennai,Android,2026-03-21
USR01785,Mumbai,Android,2025-08-02
USR01786,Pune,Android,2026-03-27
USR01787,Pune,Android,2026-01-17
USR01788,Kolkata,Android,2025-11-03
USR01789,Mumbai,Android,2025-09-07
USR01790,Chennai,Android,2025-09-28
USR01791,Delhi NCR,Android,2025-11-08
USR01792,Chennai,Android,2025-08-16
USR01793,Pune,Android,2025-10-29
USR01794,Pune,iOS,2025-10-29
USR01795,Chennai,iOS,2025-12-04
USR01796,Delhi NCR,Android,2025-10-30
USR01797,Hyderabad,iOS,2025-08-11
USR01798,Delhi NCR,Android,2025-09-26
USR01799,Chennai,iOS,2026-01-04
USR01800,Ahmedabad,Android,2026-02-07
USR01801,Delhi NCR,iOS,2026-06-16
USR01802,Kolkata,iOS,2025-09-03
USR01803,Bengaluru,Android,2025-10-06
USR01804,Pune,Android,2026-02-10
USR01805,Chennai,Android,2026-03-08
USR01806,Pune,iOS,2026-06-12
USR01807,Pune,iOS,2025-12-29
USR01808,Delhi NCR,Android,2025-08-28
USR01809,Hyderabad,iOS,2026-04-18
USR01810,Ahmedabad,Android,2025-09-11
USR01811,Ahmedabad,iOS,2026-06-11
USR01812,Bengaluru,Android,2026-02-15
USR01813,Jaipur,Android,2026-04-23
USR01814,Ahmedabad,Android,2026-02-08
USR01815,Jaipur,Android,2026-04-11
USR01816,Ahmedabad,Android,2026-02-22
USR01817,Mumbai,Android,2025-11-12
USR01818,Ahmedabad,iOS,2026-02-19
USR01819,Pune,Android,2026-02-10
USR01820,Delhi NCR,iOS,2026-02-08
USR01821,Hyderabad,Android,2025-10-08
USR01822,Bengaluru,Android,2026-04-23
USR01823,Chennai,Android,2025-08-22
USR01824,Ahmedabad,Android,2026-01-20
USR01825,Kolkata,Android,2026-03-10
USR01826,Kolkata,Android,2026-04-12
USR01827,Chennai,Android,2025-08-13
USR01828,Delhi NCR,Android,2025-12-14
USR01829,Bengaluru,Android,2025-09-12
USR01830,Hyderabad,iOS,2026-04-20
USR01831,Jaipur,Android,2025-12-20
USR01832,Pune,Android,2025-09-06
USR01833,Chennai,Android,2025-11-11
USR01834,Chennai,Android,2026-01-16
USR01835,Hyderabad,Android,2026-07-16
USR01836,Hyderabad,Android,2026-06-06
USR01837,Delhi NCR,Web,2026-05-06
USR01838,Hyderabad,Android,2026-01-01
USR01839,Hyderabad,iOS,2026-02-23
USR01840,Kolkata,iOS,2026-07-02
USR01841,Mumbai,Android,2026-04-20
USR01842,Delhi NCR,iOS,2025-11-25
USR01843,Pune,iOS,2025-11-16
USR01844,Ahmedabad,Android,2026-05-28
USR01845,Jaipur,iOS,2026-03-25
USR01846,Chennai,iOS,2026-01-08
USR01847,Pune,Android,2026-03-02
USR01848,Pune,Android,2026-05-13
USR01849,Mumbai,Android,2026-05-23
USR01850,Delhi NCR,Android,2025-08-05
USR01851,Ahmedabad,iOS,2026-01-29
USR01852,Chennai,Android,2026-03-06
USR01853,Kolkata,iOS,2026-05-03
USR01854,Hyderabad,Android,2025-08-12
USR01855,Mumbai,iOS,2025-10-18
USR01856,Chennai,Android,2026-06-05
USR01857,Kolkata,Web,2025-11-13
USR01858,Kolkata,Android,2026-02-14
USR01859,Pune,Android,2026-01-16
USR01860,Ahmedabad,Android,2026-01-03
USR01861,Bengaluru,Android,2026-07-12
USR01862,Jaipur,Android,2026-06-05
USR01863,Ahmedabad,Android,2025-11-10
USR01864,Bengaluru,iOS,2026-02-14
USR01865,Hyderabad,Android,2025-12-28
USR01866,Jaipur,Android,2025-08-30
USR01867,Chennai,Android,2025-10-27
USR01868,Chennai,iOS,2026-02-27
USR01869,Kolkata,Android,2025-09-26
USR01870,Delhi NCR,Android,2026-04-02
USR01871,Bengaluru,Android,2025-11-14
USR01872,Delhi NCR,iOS,2026-01-06
USR01873,Kolkata,iOS,2026-07-07
USR01874,Ahmedabad,Android,2026-05-22
USR01875,Hyderabad,Android,2026-04-15
USR01876,Ahmedabad,Android,2025-08-04
USR01877,Delhi NCR,Android,2026-02-21
USR01878,Pune,Android,2026-05-19
USR01879,Ahmedabad,Android,2026-05-22
USR01880,Mumbai,iOS,2025-12-26
USR01881,Ahmedabad,Android,2025-12-31
USR01882,Kolkata,Android,2025-10-29
USR01883,Kolkata,Android,2026-06-13
USR01884,Kolkata,Android,2026-07-04
USR01885,Delhi NCR,Android,2025-09-18
USR01886,Kolkata,Android,2025-08-23
USR01887,Pune,iOS,2025-10-20
USR01888,Hyderabad,iOS,2026-05-03
USR01889,Hyderabad,Android,2025-09-04
USR01890,Pune,iOS,2026-02-27
USR01891,Jaipur,Android,2026-02-05
USR01892,Bengaluru,iOS,2026-04-16
USR01893,Chennai,Android,2025-10-24
USR01894,Hyderabad,Android,2025-08-23
USR01895,Ahmedabad,Android,2026-06-24
USR01896,Ahmedabad,Android,2026-02-21
USR01897,Pune,Android,2025-08-06
USR01898,Hyderabad,Android,2025-10-09
USR01899,Chennai,Android,2026-03-26
USR01900,Ahmedabad,Android,2025-09-12
USR01901,Jaipur,Android,2026-03-13
USR01902,Delhi NCR,Android,2025-12-21
USR01903,Delhi NCR,Android,2025-08-10
USR01904,Bengaluru,Android,2025-10-03
USR01905,Jaipur,iOS,2025-10-26
USR01906,Bengaluru,Android,2025-08-06
USR01907,Hyderabad,Android,2026-01-31
USR01908,Delhi NCR,Android,2025-08-18
USR01909,Jaipur,Android,2025-08-25
USR01910,Jaipur,Android,2026-07-04
USR01911,Bengaluru,Android,2026-01-05
USR01912,Ahmedabad,Android,2025-08-03
USR01913,Mumbai,iOS,2025-11-12
USR01914,Pune,Android,2025-12-01
USR01915,Pune,Android,2026-03-04
USR01916,Mumbai,Web,2026-01-20
USR01917,Pune,Android,2025-09-02
USR01918,Pune,Web,2025-09-19
USR01919,Delhi NCR,iOS,2025-08-23
USR01920,Kolkata,Android,2026-01-15
USR01921,Chennai,Android,2025-11-06
USR01922,Pune,iOS,2026-02-19
USR01923,Kolkata,Android,2025-11-18
USR01924,Bengaluru,Android,2025-10-28
USR01925,Mumbai,Android,2026-01-09
USR01926,Mumbai,Android,2026-03-23
USR01927,Pune,Android,2025-12-21
USR01928,Chennai,Android,2025-11-20
USR01929,Kolkata,Android,2026-06-03
USR01930,Ahmedabad,Web,2025-09-22
USR01931,Jaipur,iOS,2026-05-19
USR01932,Delhi NCR,Android,2025-09-18
USR01933,Chennai,Web,2026-02-15
USR01934,Delhi NCR,Android,2026-06-22
USR01935,Chennai,Web,2026-07-08
USR01936,Ahmedabad,Android,2025-08-10
USR01937,Ahmedabad,Android,2026-06-24
USR01938,Pune,Android,2025-08-07
USR01939,Pune,Android,2025-10-03
USR01940,Hyderabad,Android,2026-03-08
USR01941,Pune,Android,2025-08-31
USR01942,Delhi NCR,Android,2025-12-30
USR01943,Pune,Android,2025-11-13
USR01944,Mumbai,Android,2026-06-03
USR01945,Ahmedabad,iOS,2026-01-16
USR01946,Delhi NCR,Android,2026-06-26
USR01947,Mumbai,Android,2026-03-01
USR01948,Hyderabad,iOS,2025-11-26
USR01949,Chennai,Android,2025-11-14
USR01950,Jaipur,Android,2026-07-07
USR01951,Pune,iOS,2025-11-22
USR01952,Kolkata,Android,2025-11-02
USR01953,Ahmedabad,Android,2025-09-03
USR01954,Ahmedabad,Android,2025-11-07
USR01955,Mumbai,Android,2025-10-12
USR01956,Pune,Android,2025-10-28
USR01957,Jaipur,iOS,2025-11-13
USR01958,Pune,Android,2026-03-07
USR01959,Ahmedabad,Android,2025-11-10
USR01960,Pune,Android,2026-06-07
USR01961,Pune,Android,2026-05-23
USR01962,Ahmedabad,Web,2025-11-12
USR01963,Hyderabad,iOS,2026-04-04
USR01964,Bengaluru,Web,2026-02-01
USR01965,Kolkata,Android,2026-03-30
USR01966,Ahmedabad,Android,2026-06-09
USR01967,Kolkata,iOS,2026-04-04
USR01968,Mumbai,iOS,2026-03-07
USR01969,Bengaluru,iOS,2026-01-01
USR01970,Jaipur,Android,2025-10-29
USR01971,Hyderabad,Android,2026-01-04
USR01972,Ahmedabad,Android,2026-05-15
USR01973,Ahmedabad,Android,2025-10-09
USR01974,Ahmedabad,Android,2025-11-06
USR01975,Mumbai,Android,2026-04-14
USR01976,Chennai,Android,2026-03-01
USR01977,Kolkata,Web,2026-02-08
USR01978,Kolkata,Android,2026-06-25
USR01979,Bengaluru,Android,2025-08-20
USR01980,Bengaluru,Android,2026-05-17
USR01981,Delhi NCR,Android,2026-03-12
USR01982,Hyderabad,iOS,2026-01-26
USR01983,Jaipur,Android,2026-06-22
USR01984,Chennai,Android,2026-06-30
USR01985,Kolkata,iOS,2025-12-05
USR01986,Pune,Android,2026-02-02
USR01987,Mumbai,Android,2026-06-27
USR01988,Delhi NCR,Android,2026-03-22
USR01989,Delhi NCR,Android,2026-06-05
USR01990,Delhi NCR,Android,2025-09-17
USR01991,Kolkata,Android,2026-05-28
USR01992,Bengaluru,Android,2025-11-05
USR01993,Kolkata,Android,2026-03-07
USR01994,Hyderabad,Android,2026-04-14
USR01995,Jaipur,Android,2026-02-12
USR01996,Hyderabad,iOS,2025-09-15
USR01997,Bengaluru,Android,2026-01-24
USR01998,Delhi NCR,Android,2025-11-16
USR01999,Kolkata,Android,2025-08-04
USR02000,Delhi NCR,iOS,2025-08-01
USR02001,Bengaluru,Android,2026-03-02
USR02002,Jaipur,Android,2025-12-26
USR02003,Kolkata,Android,2026-02-08
USR02004,Delhi NCR,Android,2025-11-10
USR02005,Ahmedabad,Android,2025-09-26
USR02006,Ahmedabad,Android,2025-11-17
USR02007,Delhi NCR,Android,2025-11-02
USR02008,Pune,Android,2026-02-26
USR02009,Ahmedabad,Android,2026-06-16
USR02010,Bengaluru,iOS,2025-10-25
USR02011,Bengaluru,Android,2026-02-10
USR02012,Bengaluru,Android,2026-01-23
USR02013,Mumbai,Android,2026-04-02
USR02014,Ahmedabad,Android,2025-09-21
USR02015,Mumbai,Android,2025-08-04
USR02016,Mumbai,Android,2026-04-25
USR02017,Mumbai,Android,2026-04-24
USR02018,Hyderabad,iOS,2026-03-31
USR02019,Chennai,Android,2026-01-20
USR02020,Chennai,Android,2026-01-23
USR02021,Chennai,iOS,2026-02-01
USR02022,Kolkata,Android,2025-08-30
USR02023,Chennai,iOS,2025-09-21
USR02024,Mumbai,Android,2026-02-22
USR02025,Delhi NCR,Android,2025-10-02
USR02026,Jaipur,Android,2025-12-06
USR02027,Chennai,Android,2026-07-04
USR02028,Ahmedabad,Android,2026-07-05
USR02029,Pune,Android,2026-06-23
USR02030,Chennai,Android,2026-02-01
USR02031,Mumbai,Web,2026-01-14
USR02032,Ahmedabad,Android,2026-04-06
USR02033,Kolkata,iOS,2025-09-11
USR02034,Chennai,Android,2026-04-01
USR02035,Bengaluru,iOS,2025-12-29
USR02036,Pune,Android,2026-04-24
USR02037,Jaipur,Android,2026-04-12
USR02038,Bengaluru,Android,2026-07-11
USR02039,Jaipur,Web,2026-03-28
USR02040,Delhi NCR,iOS,2025-09-29
USR02041,Ahmedabad,Android,2025-12-02
USR02042,Pune,Android,2026-07-04
USR02043,Bengaluru,Android,2025-08-15
USR02044,Delhi NCR,iOS,2026-01-15
USR02045,Kolkata,iOS,2025-11-21
USR02046,Hyderabad,Android,2026-07-10
USR02047,Bengaluru,Android,2026-05-01
USR02048,Ahmedabad,Android,2026-01-18
USR02049,Pune,iOS,2026-06-04
USR02050,Bengaluru,Android,2026-02-10
USR02051,Kolkata,Android,2026-05-15
USR02052,Kolkata,iOS,2025-11-23
USR02053,Hyderabad,Android,2025-09-14
USR02054,Bengaluru,Android,2026-05-31
USR02055,Pune,iOS,2025-09-29
USR02056,Chennai,Android,2026-01-08
USR02057,Kolkata,Android,2025-08-01
USR02058,Hyderabad,Android,2026-05-02
USR02059,Pune,iOS,2026-03-05
USR02060,Chennai,iOS,2026-07-14
USR02061,Delhi NCR,Android,2026-06-05
USR02062,Pune,Android,2025-08-05
USR02063,Jaipur,iOS,2026-01-09
USR02064,Delhi NCR,iOS,2025-12-30
USR02065,Pune,Android,2026-03-22
USR02066,Delhi NCR,Android,2025-10-14
USR02067,Mumbai,Android,2026-01-06
USR02068,Jaipur,Web,2025-10-03
USR02069,Hyderabad,Web,2026-05-21
USR02070,Ahmedabad,Android,2025-11-19
USR02071,Ahmedabad,Android,2026-02-09
USR02072,Mumbai,Web,2026-01-18
USR02073,Delhi NCR,iOS,2025-11-16
USR02074,Pune,Android,2025-08-27
USR02075,Delhi NCR,iOS,2026-02-17
USR02076,Hyderabad,Web,2026-07-04
USR02077,Delhi NCR,Web,2026-05-08
USR02078,Kolkata,Android,2026-07-14
USR02079,Ahmedabad,Web,2026-02-17
USR02080,Kolkata,Android,2025-12-23
USR02081,Hyderabad,Android,2025-11-08
USR02082,Jaipur,Android,2025-10-07
USR02083,Chennai,iOS,2026-05-25
USR02084,Mumbai,iOS,2026-01-03
USR02085,Ahmedabad,Android,2026-05-23
USR02086,Delhi NCR,Android,2026-04-05
USR02087,Hyderabad,iOS,2025-11-16
USR02088,Pune,iOS,2025-11-09
USR02089,Mumbai,Android,2026-05-22
USR02090,Bengaluru,Android,2025-10-15
USR02091,Kolkata,Web,2026-03-07
USR02092,Delhi NCR,iOS,2025-09-19
USR02093,Chennai,Web,2025-10-31
USR02094,Mumbai,Android,2026-04-21
USR02095,Chennai,Android,2025-10-16
USR02096,Kolkata,Android,2025-09-30
USR02097,Pune,Android,2026-01-02
USR02098,Delhi NCR,Android,2026-02-09
USR02099,Bengaluru,iOS,2026-06-29
USR02100,Kolkata,Android,2026-07-01
USR02101,Ahmedabad,Android,2025-10-01
USR02102,Bengaluru,Android,2026-04-08
USR02103,Jaipur,Android,2026-05-28
USR02104,Ahmedabad,Android,2025-09-18
USR02105,Delhi NCR,Android,2026-06-27
USR02106,Kolkata,Android,2025-10-04
USR02107,Bengaluru,Android,2026-05-03
USR02108,Delhi NCR,Android,2025-08-11
USR02109,Kolkata,Android,2026-05-02
USR02110,Jaipur,Android,2026-04-23
USR02111,Jaipur,Android,2026-06-30
USR02112,Bengaluru,iOS,2025-11-15
USR02113,Bengaluru,Android,2026-06-03
USR02114,Delhi NCR,Android,2026-03-17
USR02115,Chennai,Android,2025-10-05
USR02116,Pune,Android,2025-09-14
USR02117,Jaipur,Android,2025-08-18
USR02118,Bengaluru,Web,2026-04-17
USR02119,Hyderabad,Android,2026-05-06
USR02120,Delhi NCR,Android,2026-07-03
USR02121,Mumbai,Android,2025-08-24
USR02122,Jaipur,iOS,2025-12-29
USR02123,Jaipur,Android,2026-05-23
USR02124,Ahmedabad,Android,2026-04-25
USR02125,Chennai,Android,2026-04-19
USR02126,Pune,Android,2026-07-06
USR02127,Mumbai,Android,2025-11-05
USR02128,Delhi NCR,Android,2025-11-19
USR02129,Delhi NCR,Android,2025-11-19
USR02130,Chennai,Android,2026-06-15
USR02131,Kolkata,Android,2025-12-09
USR02132,Hyderabad,Android,2025-10-23
USR02133,Kolkata,Android,2025-12-09
USR02134,Kolkata,iOS,2025-10-13
USR02135,Jaipur,Android,2026-06-19
USR02136,Hyderabad,Web,2026-06-27
USR02137,Pune,Android,2026-05-16
USR02138,Jaipur,Android,2026-03-03
USR02139,Delhi NCR,Android,2026-03-11
USR02140,Kolkata,Android,2026-06-06
USR02141,Pune,Android,2025-10-03
USR02142,Jaipur,Android,2026-05-08
USR02143,Kolkata,Android,2026-06-24
USR02144,Bengaluru,Android,2026-01-18
USR02145,Hyderabad,Android,2025-11-24
USR02146,Hyderabad,Android,2026-02-10
USR02147,Pune,Android,2025-09-23
USR02148,Bengaluru,Android,2026-01-04
USR02149,Ahmedabad,Android,2026-01-26
USR02150,Hyderabad,Android,2026-06-08
USR02151,Bengaluru,iOS,2025-10-27
USR02152,Chennai,iOS,2026-02-16
USR02153,Delhi NCR,Android,2026-07-14
USR02154,Jaipur,Android,2026-02-23
USR02155,Ahmedabad,Android,2025-12-11
USR02156,Mumbai,Android,2025-10-19
USR02157,Delhi NCR,Android,2026-05-18
USR02158,Hyderabad,Android,2026-06-24
USR02159,Chennai,Android,2025-12-06
USR02160,Kolkata,Android,2025-11-02
USR02161,Ahmedabad,Web,2026-03-28
USR02162,Jaipur,Android,2026-03-08
USR02163,Jaipur,iOS,2025-11-26
USR02164,Hyderabad,Android,2025-09-14
USR02165,Hyderabad,Android,2026-01-08
USR02166,Bengaluru,Android,2025-09-09
USR02167,Pune,iOS,2025-10-24
USR02168,Mumbai,Android,2025-12-25
USR02169,Jaipur,iOS,2025-08-06
USR02170,Kolkata,Android,2025-10-09
USR02171,Ahmedabad,Android,2026-07-13
USR02172,Jaipur,Android,2026-02-24
USR02173,Mumbai,Android,2025-08-04
USR02174,Kolkata,Android,2026-01-24
USR02175,Pune,Web,2026-07-05
USR02176,Jaipur,Android,2025-08-22
USR02177,Ahmedabad,Web,2026-07-12
USR02178,Jaipur,iOS,2025-10-29
USR02179,Bengaluru,Android,2025-10-08
USR02180,Jaipur,Android,2025-08-27
USR02181,Kolkata,Android,2025-10-27
USR02182,Chennai,Web,2026-01-21
USR02183,Pune,iOS,2025-09-30
USR02184,Hyderabad,Android,2025-12-29
USR02185,Hyderabad,Android,2026-06-20
USR02186,Kolkata,Android,2026-01-04
USR02187,Jaipur,iOS,2025-08-19
USR02188,Ahmedabad,iOS,2026-04-07
USR02189,Mumbai,Android,2026-06-12
USR02190,Ahmedabad,Android,2026-01-29
USR02191,Bengaluru,Android,2025-11-04
USR02192,Kolkata,Android,2025-09-21
USR02193,Kolkata,Android,2025-09-13
USR02194,Jaipur,Android,2025-10-18
USR02195,Kolkata,Android,2026-04-07
USR02196,Mumbai,Android,2026-07-03
USR02197,Hyderabad,Android,2026-02-19
USR02198,Chennai,Android,2026-03-08
USR02199,Delhi NCR,Android,2025-12-16
USR02200,Bengaluru,Web,2026-07-03
USR02201,Ahmedabad,Android,2026-01-29
USR02202,Kolkata,Android,2025-11-10
USR02203,Bengaluru,Android,2025-08-21
USR02204,Delhi NCR,Android,2026-01-17
USR02205,Mumbai,Android,2025-11-10
USR02206,Ahmedabad,Web,2025-12-15
USR02207,Bengaluru,Android,2026-05-09
USR02208,Ahmedabad,iOS,2025-10-05
USR02209,Chennai,iOS,2026-02-21
USR02210,Jaipur,iOS,2026-02-16
USR02211,Delhi NCR,Android,2025-09-25
USR02212,Mumbai,Android,2026-01-24
USR02213,Jaipur,Android,2025-11-30
USR02214,Mumbai,Android,2026-01-23
USR02215,Kolkata,Web,2025-08-05
USR02216,Kolkata,Android,2025-12-23
USR02217,Ahmedabad,Android,2026-03-08
USR02218,Pune,Android,2026-04-19
USR02219,Delhi NCR,Android,2025-09-28
USR02220,Hyderabad,Web,2025-12-05
USR02221,Kolkata,Android,2025-09-22
USR02222,Jaipur,Android,2025-11-05
USR02223,Delhi NCR,Android,2025-10-07
USR02224,Kolkata,Android,2025-11-07
USR02225,Delhi NCR,Android,2026-06-12
USR02226,Pune,Android,2025-08-27
USR02227,Kolkata,Android,2026-01-04
USR02228,Pune,Android,2026-03-07
USR02229,Ahmedabad,Android,2026-03-07
USR02230,Mumbai,Android,2025-12-16
USR02231,Chennai,Android,2026-01-27
USR02232,Kolkata,Android,2025-08-25
USR02233,Delhi NCR,Android,2025-08-27
USR02234,Chennai,Android,2026-03-30
USR02235,Hyderabad,iOS,2025-09-21
USR02236,Kolkata,Android,2026-04-09
USR02237,Chennai,Android,2025-09-27
USR02238,Bengaluru,Android,2026-07-16
USR02239,Jaipur,iOS,2025-10-06
USR02240,Chennai,Android,2026-02-02
USR02241,Jaipur,Android,2025-11-30
USR02242,Hyderabad,Android,2026-02-13
USR02243,Bengaluru,iOS,2025-10-06
USR02244,Bengaluru,Android,2026-07-02
USR02245,Pune,Android,2026-03-17
USR02246,Bengaluru,Android,2026-05-07
USR02247,Chennai,Android,2026-03-31
USR02248,Pune,Android,2025-10-18
USR02249,Mumbai,Android,2026-03-03
USR02250,Jaipur,Android,2026-05-14
USR02251,Chennai,iOS,2026-03-18
USR02252,Bengaluru,iOS,2025-09-04
USR02253,Ahmedabad,Android,2026-04-15
USR02254,Mumbai,Android,2025-12-19
USR02255,Delhi NCR,Android,2026-05-17
USR02256,Mumbai,iOS,2025-11-06
USR02257,Kolkata,Android,2026-04-30
USR02258,Jaipur,Web,2025-10-24
USR02259,Ahmedabad,iOS,2026-02-13
USR02260,Jaipur,iOS,2026-02-22
USR02261,Hyderabad,Android,2025-08-02
USR02262,Delhi NCR,Android,2026-05-31
USR02263,Mumbai,iOS,2026-04-20
USR02264,Ahmedabad,Android,2026-04-26
USR02265,Hyderabad,Android,2025-11-21
USR02266,Hyderabad,Android,2026-05-10
USR02267,Bengaluru,Android,2025-08-24
USR02268,Jaipur,Android,2025-08-21
USR02269,Delhi NCR,iOS,2025-12-21
USR02270,Delhi NCR,Android,2025-08-27
USR02271,Pune,Web,2025-11-16
USR02272,Jaipur,Android,2026-06-29
USR02273,Chennai,Android,2026-02-05
USR02274,Chennai,Android,2026-05-09
USR02275,Hyderabad,iOS,2026-02-26
USR02276,Hyderabad,Android,2025-08-30
USR02277,Mumbai,iOS,2025-11-21
USR02278,Hyderabad,Android,2025-08-09
USR02279,Jaipur,Android,2026-05-26
USR02280,Bengaluru,iOS,2026-02-12
USR02281,Hyderabad,iOS,2026-06-21
USR02282,Jaipur,Android,2026-03-15
USR02283,Pune,Android,2025-11-13
USR02284,Kolkata,Android,2025-11-27
USR02285,Kolkata,Android,2026-04-03
USR02286,Bengaluru,Android,2026-03-24
USR02287,Delhi NCR,iOS,2025-10-30
USR02288,Pune,Android,2025-11-01
USR02289,Hyderabad,Android,2025-10-23
USR02290,Delhi NCR,iOS,2026-06-08
USR02291,Pune,Android,2025-09-06
USR02292,Kolkata,Android,2026-06-27
USR02293,Kolkata,Android,2026-04-27
USR02294,Delhi NCR,iOS,2025-08-07
USR02295,Bengaluru,Android,2025-08-11
USR02296,Bengaluru,iOS,2026-06-26
USR02297,Mumbai,Android,2025-09-12
USR02298,Hyderabad,Android,2026-06-18
USR02299,Mumbai,iOS,2025-08-05
USR02300,Bengaluru,Android,2026-01-21
USR02301,Bengaluru,Android,2026-04-03
USR02302,Ahmedabad,iOS,2026-01-05
USR02303,Chennai,Android,2025-12-03
USR02304,Mumbai,Android,2025-12-15
USR02305,Jaipur,Android,2025-08-23
USR02306,Bengaluru,Android,2025-09-22
USR02307,Jaipur,iOS,2026-03-01
USR02308,Delhi NCR,Android,2025-11-23
USR02309,Mumbai,Android,2026-02-14
USR02310,Delhi NCR,Android,2025-12-25
USR02311,Pune,iOS,2026-02-13
USR02312,Bengaluru,Android,2025-09-26
USR02313,Pune,Android,2025-12-23
USR02314,Chennai,Android,2026-01-18
USR02315,Bengaluru,Android,2025-09-13
USR02316,Mumbai,Android,2025-10-31
USR02317,Kolkata,Android,2026-06-04
USR02318,Delhi NCR,Android,2025-10-16
USR02319,Hyderabad,Android,2025-12-25
USR02320,Chennai,iOS,2025-12-17
USR02321,Ahmedabad,Android,2025-12-14
USR02322,Bengaluru,iOS,2025-10-16
USR02323,Delhi NCR,Android,2026-02-16
USR02324,Ahmedabad,iOS,2026-04-02
USR02325,Bengaluru,Android,2026-03-07
USR02326,Hyderabad,Android,2026-01-13
USR02327,Delhi NCR,Android,2026-02-14
USR02328,Chennai,Android,2026-03-06
USR02329,Ahmedabad,Android,2026-02-28
USR02330,Chennai,Android,2026-07-01
USR02331,Pune,Android,2026-05-09
USR02332,Ahmedabad,Android,2026-04-10
USR02333,Jaipur,Android,2025-11-26
USR02334,Kolkata,Android,2026-03-04
USR02335,Jaipur,Android,2025-11-21
USR02336,Bengaluru,Android,2025-08-02
USR02337,Pune,Web,2025-08-09
USR02338,Chennai,Android,2025-10-08
USR02339,Bengaluru,Android,2026-01-26
USR02340,Chennai,iOS,2025-10-11
USR02341,Hyderabad,Android,2026-05-10
USR02342,Kolkata,Android,2025-11-23
USR02343,Mumbai,iOS,2025-09-30
USR02344,Delhi NCR,Android,2025-08-14
USR02345,Kolkata,Android,2025-09-24
USR02346,Bengaluru,Android,2026-06-01
USR02347,Delhi NCR,Android,2026-02-04
USR02348,Delhi NCR,Android,2025-09-09
USR02349,Mumbai,Android,2026-03-02
USR02350,Delhi NCR,iOS,2026-03-29
USR02351,Delhi NCR,iOS,2026-01-01
USR02352,Ahmedabad,Android,2026-01-20
USR02353,Ahmedabad,iOS,2025-08-07
USR02354,Hyderabad,Android,2025-08-31
USR02355,Mumbai,Android,2025-10-28
USR02356,Jaipur,Android,2026-02-19
USR02357,Kolkata,Android,2026-03-21
USR02358,Jaipur,Android,2025-12-11
USR02359,Jaipur,Android,2025-11-25
USR02360,Kolkata,iOS,2025-12-18
USR02361,Bengaluru,Android,2025-10-04
USR02362,Pune,Android,2025-08-29
USR02363,Pune,Android,2026-05-14
USR02364,Bengaluru,iOS,2026-03-28
USR02365,Ahmedabad,Android,2026-06-25
USR02366,Kolkata,iOS,2025-10-24
USR02367,Mumbai,iOS,2026-06-28
USR02368,Kolkata,Android,2025-09-25
USR02369,Bengaluru,Android,2026-06-05
USR02370,Chennai,Android,2025-12-23
USR02371,Delhi NCR,Android,2025-09-03
USR02372,Pune,Android,2026-01-06
USR02373,Pune,Android,2026-06-23
USR02374,Mumbai,Android,2025-09-13
USR02375,Mumbai,Android,2026-04-05
USR02376,Mumbai,Android,2025-09-17
USR02377,Hyderabad,Android,2026-01-30
USR02378,Hyderabad,Web,2026-04-14
USR02379,Pune,Android,2026-02-17
USR02380,Chennai,Web,2026-07-12
USR02381,Bengaluru,Android,2026-04-15
USR02382,Bengaluru,Android,2025-10-16
USR02383,Mumbai,Android,2026-02-12
USR02384,Ahmedabad,Android,2025-08-20
USR02385,Hyderabad,Android,2026-07-16
USR02386,Ahmedabad,Android,2026-06-17
USR02387,Bengaluru,Web,2025-11-27
USR02388,Pune,iOS,2026-07-01
USR02389,Delhi NCR,iOS,2025-10-22
USR02390,Jaipur,Android,2026-06-08
USR02391,Jaipur,iOS,2026-01-22
USR02392,Ahmedabad,iOS,2026-01-21
USR02393,Hyderabad,Android,2026-03-09
USR02394,Mumbai,iOS,2026-07-16
USR02395,Kolkata,Android,2026-06-09
USR02396,Bengaluru,Web,2026-05-18
USR02397,Ahmedabad,Android,2025-08-08
USR02398,Delhi NCR,iOS,2026-01-06
USR02399,Jaipur,iOS,2025-09-14
USR02400,Ahmedabad,Android,2026-01-08
USR02401,Delhi NCR,iOS,2025-10-22
USR02402,Bengaluru,Android,2026-02-03
USR02403,Chennai,Android,2025-10-31
USR02404,Ahmedabad,Android,2026-03-31
USR02405,Hyderabad,iOS,2026-03-15
USR02406,Delhi NCR,iOS,2026-05-19
USR02407,Ahmedabad,Android,2025-12-25
USR02408,Kolkata,Android,2026-06-14
USR02409,Delhi NCR,Android,2026-04-20
USR02410,Chennai,Android,2026-07-16
USR02411,Kolkata,Android,2025-12-13
USR02412,Mumbai,Android,2026-06-26
USR02413,Mumbai,iOS,2025-12-04
USR02414,Jaipur,Android,2025-09-23
USR02415,Hyderabad,Android,2026-05-19
USR02416,Kolkata,iOS,2025-11-23
USR02417,Kolkata,iOS,2026-07-09
USR02418,Bengaluru,Android,2026-03-28
USR02419,Jaipur,iOS,2026-03-27
USR02420,Bengaluru,Android,2025-09-25
USR02421,Kolkata,iOS,2025-11-11
USR02422,Kolkata,Android,2026-01-10
USR02423,Chennai,Web,2026-04-06
USR02424,Pune,Android,2026-04-01
USR02425,Bengaluru,Android,2025-08-20
USR02426,Jaipur,Android,2026-03-29
USR02427,Delhi NCR,Android,2026-01-11
USR02428,Mumbai,Web,2026-02-11
USR02429,Mumbai,iOS,2026-02-02
USR02430,Kolkata,Web,2025-11-18
USR02431,Mumbai,Android,2025-08-12
USR02432,Kolkata,Android,2026-06-22
USR02433,Delhi NCR,Android,2025-09-05
USR02434,Hyderabad,Android,2025-12-31
USR02435,Ahmedabad,iOS,2026-04-26
USR02436,Pune,Android,2025-12-11
USR02437,Delhi NCR,iOS,2025-09-17
USR02438,Kolkata,Android,2025-12-31
USR02439,Delhi NCR,Android,2026-03-03
USR02440,Ahmedabad,Android,2025-10-22
USR02441,Kolkata,Android,2026-05-20
USR02442,Kolkata,iOS,2026-05-15
USR02443,Pune,Android,2026-07-08
USR02444,Delhi NCR,Android,2026-01-10
USR02445,Mumbai,Android,2026-03-23
USR02446,Delhi NCR,Android,2026-01-10
USR02447,Bengaluru,iOS,2026-07-12
USR02448,Kolkata,Android,2025-08-02
USR02449,Ahmedabad,iOS,2025-10-04
USR02450,Ahmedabad,Android,2026-05-24
USR02451,Bengaluru,Android,2025-11-05
USR02452,Kolkata,Android,2025-10-25
USR02453,Kolkata,Android,2025-11-16
USR02454,Pune,Web,2026-05-23
USR02455,Mumbai,Android,2026-02-03
USR02456,Mumbai,Android,2026-01-05
USR02457,Jaipur,iOS,2025-10-03
USR02458,Ahmedabad,Android,2026-03-22
USR02459,Kolkata,Android,2026-01-28
USR02460,Jaipur,Android,2026-01-19
USR02461,Bengaluru,iOS,2026-03-23
USR02462,Kolkata,Android,2026-05-11
USR02463,Delhi NCR,Android,2026-02-12
USR02464,Hyderabad,iOS,2026-07-15
USR02465,Kolkata,Android,2026-06-14
USR02466,Bengaluru,Web,2025-09-23
USR02467,Bengaluru,Android,2026-06-12
USR02468,Kolkata,Android,2026-06-16
USR02469,Jaipur,Android,2026-03-16
USR02470,Jaipur,Android,2025-08-17
USR02471,Hyderabad,iOS,2025-11-17
USR02472,Pune,iOS,2026-05-10
USR02473,Kolkata,Android,2026-03-29
USR02474,Bengaluru,Android,2026-03-26
USR02475,Kolkata,iOS,2026-06-27
USR02476,Kolkata,Android,2026-02-08
USR02477,Pune,Android,2025-12-16
USR02478,Hyderabad,Android,2026-03-01
USR02479,Pune,Android,2026-03-01
USR02480,Mumbai,Android,2025-10-18
USR02481,Chennai,iOS,2026-04-23
USR02482,Chennai,Android,2026-05-20
USR02483,Kolkata,Android,2026-02-17
USR02484,Pune,Android,2026-02-18
USR02485,Mumbai,iOS,2026-05-23
USR02486,Kolkata,Android,2026-06-22
USR02487,Kolkata,Web,2025-10-28
USR02488,Kolkata,iOS,2026-04-22
USR02489,Delhi NCR,Android,2025-09-20
USR02490,Delhi NCR,Android,2026-06-20
USR02491,Kolkata,iOS,2026-06-18
USR02492,Hyderabad,iOS,2025-10-21
USR02493,Chennai,Android,2025-09-17
USR02494,Mumbai,Android,2026-06-18
USR02495,Delhi NCR,Android,2026-05-06
USR02496,Bengaluru,Android,2025-08-13
USR02497,Delhi NCR,Web,2026-06-21
USR02498,Chennai,Android,2026-07-01
USR02499,Pune,Android,2026-05-02
USR02500,Pune,iOS,2026-02-10
USR02501,Hyderabad,Android,2025-12-19
USR02502,Bengaluru,iOS,2026-06-18
USR02503,Mumbai,Android,2026-05-24
USR02504,Bengaluru,Android,2026-06-02
USR02505,Bengaluru,Android,2025-12-23
USR02506,Hyderabad,iOS,2025-09-17
USR02507,Bengaluru,Android,2026-02-02
USR02508,Pune,Android,2026-04-09
USR02509,Mumbai,Android,2026-04-07
USR02510,Bengaluru,Android,2026-03-03
USR02511,Kolkata,iOS,2026-06-21
USR02512,Ahmedabad,iOS,2025-11-01
USR02513,Hyderabad,Android,2025-10-31
USR02514,Mumbai,Android,2026-01-23
USR02515,Chennai,Android,2026-06-11
USR02516,Jaipur,Android,2026-04-25
USR02517,Hyderabad,iOS,2025-11-07
USR02518,Mumbai,Android,2026-04-23
USR02519,Jaipur,iOS,2025-11-19
USR02520,Chennai,Android,2025-11-20
USR02521,Mumbai,Android,2025-11-21
USR02522,Bengaluru,iOS,2025-10-04
USR02523,Hyderabad,Android,2025-11-11
USR02524,Bengaluru,Android,2026-05-10
USR02525,Hyderabad,Android,2026-04-11
USR02526,Kolkata,Android,2026-02-21
USR02527,Pune,Android,2025-11-10
USR02528,Hyderabad,Web,2025-09-22
USR02529,Hyderabad,Android,2025-11-14
USR02530,Ahmedabad,Android,2026-03-17
USR02531,Kolkata,Android,2025-12-18
USR02532,Chennai,Android,2026-06-07
USR02533,Kolkata,Android,2026-05-18
USR02534,Chennai,Android,2026-06-20
USR02535,Bengaluru,Android,2025-08-18
USR02536,Jaipur,Android,2026-02-26
USR02537,Hyderabad,Android,2026-06-27
USR02538,Jaipur,Android,2025-08-16
USR02539,Bengaluru,Android,2026-01-13
USR02540,Kolkata,iOS,2026-01-31
USR02541,Pune,Android,2026-07-03
USR02542,Chennai,Android,2026-01-08
USR02543,Bengaluru,Android,2025-08-06
USR02544,Chennai,Android,2026-05-18
USR02545,Chennai,iOS,2026-05-15
USR02546,Bengaluru,Android,2026-06-05
USR02547,Pune,Android,2025-09-22
USR02548,Jaipur,Android,2026-06-08
USR02549,Bengaluru,Android,2026-06-27
USR02550,Kolkata,Android,2026-03-11
USR02551,Chennai,iOS,2025-11-10
USR02552,Pune,Android,2026-04-10
USR02553,Ahmedabad,Android,2025-12-19
USR02554,Kolkata,Android,2026-03-20
USR02555,Delhi NCR,Android,2026-05-30
USR02556,Kolkata,Android,2025-08-11
USR02557,Hyderabad,Android,2026-05-22
USR02558,Mumbai,iOS,2025-12-24
USR02559,Delhi NCR,iOS,2026-02-23
USR02560,Mumbai,iOS,2026-04-28
USR02561,Mumbai,Android,2025-08-09
USR02562,Bengaluru,Android,2026-03-01
USR02563,Hyderabad,Android,2026-01-25
USR02564,Kolkata,Android,2026-01-08
USR02565,Ahmedabad,Android,2026-02-18
USR02566,Hyderabad,Android,2026-03-21
USR02567,Ahmedabad,iOS,2025-10-02
USR02568,Chennai,iOS,2025-09-22
USR02569,Mumbai,Android,2025-08-06
USR02570,Delhi NCR,Android,2026-01-13
USR02571,Kolkata,Android,2025-09-15
USR02572,Pune,iOS,2026-02-05
USR02573,Jaipur,Web,2025-08-27
USR02574,Hyderabad,iOS,2025-08-23
USR02575,Bengaluru,Android,2026-01-03
USR02576,Bengaluru,Android,2026-06-10
USR02577,Kolkata,Android,2025-10-27
USR02578,Delhi NCR,Android,2025-10-01
USR02579,Delhi NCR,Android,2025-10-15
USR02580,Kolkata,Android,2026-07-09
USR02581,Bengaluru,Android,2025-12-02
USR02582,Ahmedabad,Android,2025-12-22
USR02583,Chennai,iOS,2026-04-05
USR02584,Pune,Android,2025-12-30
USR02585,Bengaluru,Android,2025-12-03
USR02586,Pune,Android,2025-09-08
USR02587,Ahmedabad,Android,2025-08-07
USR02588,Pune,Android,2026-02-14
USR02589,Pune,Android,2026-01-22
USR02590,Pune,iOS,2026-04-28
USR02591,Jaipur,iOS,2026-01-07
USR02592,Ahmedabad,Android,2026-04-16
USR02593,Bengaluru,iOS,2025-11-21
USR02594,Chennai,Android,2026-03-20
USR02595,Jaipur,Android,2026-02-21
USR02596,Pune,Android,2026-03-05
USR02597,Delhi NCR,Android,2026-05-23
USR02598,Bengaluru,Android,2025-09-24
USR02599,Bengaluru,Android,2026-03-24
USR02600,Delhi NCR,Android,2026-04-01
USR02601,Jaipur,Android,2025-12-14
USR02602,Bengaluru,iOS,2025-09-13
USR02603,Chennai,Android,2025-10-17
USR02604,Kolkata,Android,2026-04-18
USR02605,Chennai,Android,2025-12-18
USR02606,Chennai,Android,2026-06-29
USR02607,Kolkata,iOS,2026-03-05
USR02608,Pune,Android,2026-02-23
USR02609,Delhi NCR,Android,2026-04-29
USR02610,Ahmedabad,Android,2025-09-25
USR02611,Mumbai,Android,2025-09-26
USR02612,Pune,Android,2025-08-19
USR02613,Hyderabad,Android,2026-04-30
USR02614,Bengaluru,Android,2026-06-14
USR02615,Kolkata,Android,2025-09-21
USR02616,Pune,iOS,2025-12-16
USR02617,Ahmedabad,Android,2025-11-13
USR02618,Chennai,Android,2026-06-02
USR02619,Hyderabad,iOS,2025-09-18
USR02620,Delhi NCR,Android,2026-06-15
USR02621,Ahmedabad,iOS,2025-12-01
USR02622,Delhi NCR,Android,2025-09-05
USR02623,Delhi NCR,Android,2026-03-22
USR02624,Delhi NCR,Web,2026-07-08
USR02625,Ahmedabad,Android,2025-08-11
USR02626,Delhi NCR,Web,2025-09-09
USR02627,Delhi NCR,Android,2025-08-05
USR02628,Chennai,Web,2026-05-26
USR02629,Mumbai,Android,2025-12-05
USR02630,Ahmedabad,Android,2025-08-09
USR02631,Hyderabad,iOS,2026-04-26
USR02632,Jaipur,Android,2025-10-15
USR02633,Bengaluru,Android,2026-01-19
USR02634,Ahmedabad,Android,2026-01-27
USR02635,Jaipur,Android,2026-04-07
USR02636,Hyderabad,Android,2025-08-07
USR02637,Chennai,Android,2026-01-18
USR02638,Jaipur,iOS,2026-06-02
USR02639,Ahmedabad,Android,2026-04-23
USR02640,Mumbai,Android,2026-02-27
USR02641,Pune,Android,2025-10-12
USR02642,Chennai,Android,2025-12-04
USR02643,Kolkata,Android,2025-09-15
USR02644,Pune,iOS,2026-02-10
USR02645,Bengaluru,Web,2026-06-17
USR02646,Jaipur,iOS,2026-03-19
USR02647,Jaipur,Android,2026-07-14
USR02648,Chennai,iOS,2026-02-17
USR02649,Kolkata,iOS,2025-12-20
USR02650,Hyderabad,Android,2026-05-24
USR02651,Jaipur,Android,2026-06-10
USR02652,Bengaluru,Android,2026-03-21
USR02653,Chennai,Android,2025-08-05
USR02654,Ahmedabad,iOS,2025-10-15
USR02655,Ahmedabad,Android,2026-04-25
USR02656,Hyderabad,Android,2026-07-07
USR02657,Delhi NCR,Android,2025-12-26
USR02658,Bengaluru,iOS,2025-08-08
USR02659,Ahmedabad,Android,2025-12-23
USR02660,Bengaluru,Android,2026-01-04
USR02661,Mumbai,Android,2026-07-05
USR02662,Mumbai,Android,2025-10-10
USR02663,Chennai,iOS,2026-04-15
USR02664,Jaipur,Android,2025-09-14
USR02665,Hyderabad,Android,2025-11-09
USR02666,Kolkata,Android,2025-09-11
USR02667,Hyderabad,Android,2026-03-31
USR02668,Chennai,Android,2026-07-14
USR02669,Kolkata,Android,2025-09-20
USR02670,Hyderabad,iOS,2026-06-02
USR02671,Hyderabad,Android,2026-03-12
USR02672,Chennai,iOS,2025-10-11
USR02673,Pune,Android,2026-03-02
USR02674,Jaipur,Android,2026-01-04
USR02675,Bengaluru,Android,2026-06-18
USR02676,Ahmedabad,Android,2026-02-09
USR02677,Kolkata,Android,2026-04-27
USR02678,Ahmedabad,Android,2026-04-15
USR02679,Chennai,Android,2026-03-07
USR02680,Ahmedabad,Android,2026-02-27
USR02681,Ahmedabad,Android,2026-05-14
USR02682,Mumbai,Web,2026-03-04
USR02683,Bengaluru,iOS,2026-06-11
USR02684,Hyderabad,iOS,2026-05-25
USR02685,Jaipur,Android,2026-06-14
USR02686,Jaipur,iOS,2025-12-29
USR02687,Mumbai,iOS,2026-02-18
USR02688,Delhi NCR,Android,2025-08-04
USR02689,Ahmedabad,iOS,2026-04-23
USR02690,Ahmedabad,iOS,2025-09-13
USR02691,Mumbai,Android,2026-06-29
USR02692,Bengaluru,Android,2025-09-19
USR02693,Hyderabad,Android,2026-01-17
USR02694,Mumbai,Android,2026-05-27
USR02695,Jaipur,iOS,2025-08-28
USR02696,Pune,Android,2026-05-15
USR02697,Ahmedabad,Android,2026-07-12
USR02698,Delhi NCR,Android,2026-01-07
USR02699,Mumbai,iOS,2026-06-16
USR02700,Pune,Android,2025-08-01
USR02701,Delhi NCR,Android,2025-10-01
USR02702,Jaipur,Android,2025-11-13
USR02703,Bengaluru,Android,2026-04-16
USR02704,Ahmedabad,Android,2025-10-02
USR02705,Hyderabad,Android,2025-11-03
USR02706,Pune,iOS,2026-05-07
USR02707,Hyderabad,iOS,2026-07-15
USR02708,Ahmedabad,iOS,2026-06-12
USR02709,Bengaluru,Android,2026-06-22
USR02710,Mumbai,Android,2026-07-03
USR02711,Pune,Android,2026-05-07
USR02712,Pune,Android,2025-12-27
USR02713,Hyderabad,Android,2026-05-29
USR02714,Ahmedabad,Android,2025-12-19
USR02715,Kolkata,Android,2025-09-24
USR02716,Ahmedabad,Android,2026-03-06
USR02717,Delhi NCR,Android,2026-03-23
USR02718,Bengaluru,Android,2025-08-06
USR02719,Hyderabad,Android,2026-06-30
USR02720,Ahmedabad,Android,2026-01-29
USR02721,Delhi NCR,Android,2026-03-23
USR02722,Hyderabad,Android,2025-10-21
USR02723,Chennai,Android,2026-04-15
USR02724,Pune,Android,2026-04-26
USR02725,Kolkata,Android,2025-10-29
USR02726,Delhi NCR,Android,2026-05-16
USR02727,Chennai,Android,2025-10-11
USR02728,Hyderabad,iOS,2026-07-04
USR02729,Hyderabad,iOS,2025-09-04
USR02730,Ahmedabad,Android,2026-03-30
USR02731,Delhi NCR,Android,2026-04-17
USR02732,Jaipur,Android,2026-01-13
USR02733,Chennai,Android,2026-02-23
USR02734,Bengaluru,Android,2025-10-21
USR02735,Pune,Android,2025-09-24
USR02736,Ahmedabad,iOS,2026-04-01
USR02737,Chennai,iOS,2025-11-30
USR02738,Bengaluru,iOS,2025-10-29
USR02739,Kolkata,iOS,2026-03-04
USR02740,Bengaluru,Android,2025-12-07
USR02741,Bengaluru,Android,2025-09-07
USR02742,Ahmedabad,iOS,2026-06-07
USR02743,Mumbai,iOS,2026-01-12
USR02744,Bengaluru,Android,2026-02-10
USR02745,Delhi NCR,Web,2026-05-21
USR02746,Jaipur,Android,2025-12-08
USR02747,Ahmedabad,Android,2025-12-25
USR02748,Pune,Android,2025-10-22
USR02749,Kolkata,iOS,2025-11-07
USR02750,Bengaluru,Android,2026-06-19
USR02751,Bengaluru,Android,2025-10-11
USR02752,Mumbai,Android,2026-02-25
USR02753,Jaipur,iOS,2026-01-22
USR02754,Delhi NCR,Android,2026-06-25
USR02755,Jaipur,Android,2025-11-15
USR02756,Ahmedabad,Android,2026-01-30
USR02757,Jaipur,iOS,2025-09-04
USR02758,Ahmedabad,Android,2026-02-09
USR02759,Bengaluru,Android,2025-10-05
USR02760,Jaipur,Android,2025-09-30
USR02761,Ahmedabad,Android,2026-06-04
USR02762,Jaipur,Android,2025-11-23
USR02763,Hyderabad,iOS,2025-12-07
USR02764,Kolkata,Android,2025-09-04
USR02765,Delhi NCR,Web,2025-09-08
USR02766,Jaipur,Android,2026-04-23
USR02767,Jaipur,Android,2026-06-13
USR02768,Mumbai,Android,2025-09-26
USR02769,Ahmedabad,iOS,2025-12-13
USR02770,Mumbai,Android,2026-03-04
USR02771,Hyderabad,Android,2025-08-31
USR02772,Delhi NCR,Android,2026-01-16
USR02773,Mumbai,Android,2025-09-07
USR02774,Mumbai,Android,2025-09-06
USR02775,Kolkata,Android,2026-06-10
USR02776,Bengaluru,iOS,2026-04-03
USR02777,Delhi NCR,Android,2025-08-22
USR02778,Bengaluru,Android,2026-04-17
USR02779,Pune,Android,2026-03-09
USR02780,Ahmedabad,Android,2025-11-25
USR02781,Mumbai,iOS,2025-08-14
USR02782,Pune,Android,2026-02-11
USR02783,Mumbai,Android,2025-08-27
USR02784,Kolkata,iOS,2025-10-04
USR02785,Kolkata,Android,2026-05-09
USR02786,Delhi NCR,Android,2025-09-30
USR02787,Chennai,Android,2026-01-23
USR02788,Kolkata,iOS,2025-11-30
USR02789,Pune,Android,2025-08-06
USR02790,Pune,Android,2026-05-02
USR02791,Mumbai,Web,2025-08-08
USR02792,Pune,iOS,2025-09-09
USR02793,Mumbai,Android,2025-11-01
USR02794,Hyderabad,Android,2026-01-27
USR02795,Pune,Web,2025-10-06
USR02796,Kolkata,Android,2025-10-02
USR02797,Bengaluru,Android,2026-05-06
USR02798,Pune,Android,2026-01-30
USR02799,Pune,Android,2026-01-02
USR02800,Chennai,iOS,2025-12-28
USR02801,Pune,Android,2025-12-15
USR02802,Chennai,Android,2026-04-15
USR02803,Bengaluru,Android,2026-02-27
USR02804,Ahmedabad,Android,2025-11-13
USR02805,Delhi NCR,iOS,2026-04-24
USR02806,Pune,Android,2026-05-11
USR02807,Pune,Android,2025-10-12
USR02808,Mumbai,Web,2026-03-14
USR02809,Ahmedabad,Web,2025-08-11
USR02810,Ahmedabad,iOS,2025-12-17
USR02811,Hyderabad,Android,2026-01-01
USR02812,Bengaluru,Android,2026-06-09
USR02813,Kolkata,Android,2026-02-12
USR02814,Kolkata,Android,2025-11-23
USR02815,Pune,Android,2026-07-04
USR02816,Kolkata,Android,2026-07-05
USR02817,Hyderabad,Android,2026-01-26
USR02818,Mumbai,iOS,2026-01-20
USR02819,Hyderabad,iOS,2026-05-30
USR02820,Pune,iOS,2026-01-22
USR02821,Kolkata,iOS,2025-08-30
USR02822,Bengaluru,Android,2026-07-14
USR02823,Hyderabad,iOS,2026-05-01
USR02824,Ahmedabad,Android,2026-05-18
USR02825,Jaipur,Android,2026-02-12
USR02826,Ahmedabad,iOS,2025-11-30
USR02827,Delhi NCR,iOS,2025-12-22
USR02828,Hyderabad,Android,2025-12-06
USR02829,Jaipur,Android,2026-05-20
USR02830,Kolkata,Android,2025-12-19
USR02831,Chennai,Android,2025-12-07
USR02832,Mumbai,Android,2026-05-19
USR02833,Chennai,iOS,2025-10-31
USR02834,Ahmedabad,Android,2026-03-14
USR02835,Mumbai,Android,2026-01-31
USR02836,Ahmedabad,Android,2026-05-12
USR02837,Pune,Android,2026-05-24
USR02838,Bengaluru,Android,2026-06-09
USR02839,Jaipur,Android,2025-09-02
USR02840,Ahmedabad,Android,2025-12-20
USR02841,Hyderabad,iOS,2025-10-05
USR02842,Pune,Android,2025-10-15
USR02843,Mumbai,Android,2026-07-02
USR02844,Mumbai,Android,2026-04-17
USR02845,Ahmedabad,Android,2025-08-22
USR02846,Jaipur,Android,2025-09-01
USR02847,Hyderabad,Web,2025-08-09
USR02848,Chennai,Android,2025-08-23
USR02849,Pune,Android,2025-09-09
USR02850,Jaipur,Android,2026-04-19
USR02851,Bengaluru,Android,2026-01-14
USR02852,Chennai,iOS,2026-07-15
USR02853,Kolkata,Android,2026-03-07
USR02854,Hyderabad,Android,2026-01-15
USR02855,Chennai,Android,2026-02-25
USR02856,Chennai,Android,2025-12-29
USR02857,Mumbai,Android,2025-08-23
USR02858,Hyderabad,iOS,2026-05-30
USR02859,Mumbai,Android,2025-11-17
USR02860,Chennai,Android,2026-04-18
USR02861,Chennai,iOS,2026-02-10
USR02862,Mumbai,Android,2025-10-16
USR02863,Kolkata,iOS,2026-06-29
USR02864,Bengaluru,Web,2025-11-23
USR02865,Jaipur,Web,2026-06-19
USR02866,Jaipur,iOS,2026-05-03
USR02867,Bengaluru,iOS,2026-04-28
USR02868,Mumbai,Android,2026-07-04
USR02869,Jaipur,Android,2026-01-10
USR02870,Hyderabad,Android,2026-05-22
USR02871,Hyderabad,iOS,2026-01-16
USR02872,Pune,iOS,2026-02-02
USR02873,Pune,Android,2025-09-29
USR02874,Pune,Android,2026-02-26
USR02875,Chennai,Android,2026-05-14
USR02876,Jaipur,Android,2026-02-02
USR02877,Ahmedabad,Android,2026-03-18
USR02878,Kolkata,Android,2025-10-04
USR02879,Jaipur,Android,2026-02-25
USR02880,Delhi NCR,Android,2025-12-25
USR02881,Chennai,Android,2025-09-11
USR02882,Kolkata,Android,2025-10-15
USR02883,Ahmedabad,Android,2025-11-10
USR02884,Delhi NCR,iOS,2025-08-08
USR02885,Delhi NCR,Android,2025-12-13
USR02886,Jaipur,Android,2026-03-29
USR02887,Bengaluru,Android,2025-08-18
USR02888,Kolkata,Android,2025-10-25
USR02889,Bengaluru,Android,2026-04-29
USR02890,Kolkata,iOS,2026-01-29
USR02891,Delhi NCR,Android,2026-05-13
USR02892,Pune,Android,2025-09-30
USR02893,Chennai,iOS,2026-01-20
USR02894,Bengaluru,Web,2025-08-24
USR02895,Bengaluru,iOS,2026-01-29
USR02896,Ahmedabad,iOS,2026-06-19
USR02897,Ahmedabad,iOS,2026-03-12
USR02898,Hyderabad,iOS,2025-10-08
USR02899,Delhi NCR,iOS,2026-05-29
USR02900,Jaipur,Android,2025-08-04
USR02901,Chennai,Android,2026-03-21
USR02902,Kolkata,Android,2025-10-30
USR02903,Jaipur,iOS,2025-12-22
USR02904,Bengaluru,Android,2026-04-10
USR02905,Chennai,Android,2026-04-23
USR02906,Jaipur,Android,2026-03-07
USR02907,Hyderabad,Android,2026-01-11
USR02908,Delhi NCR,Web,2025-08-22
USR02909,Pune,Android,2025-12-21
USR02910,Chennai,Android,2025-12-24
USR02911,Delhi NCR,Android,2025-12-19
USR02912,Ahmedabad,Android,2025-10-26
USR02913,Hyderabad,iOS,2025-12-11
USR02914,Bengaluru,iOS,2026-07-08
USR02915,Hyderabad,Android,2025-11-14
USR02916,Jaipur,iOS,2025-10-26
USR02917,Mumbai,Android,2025-08-21
USR02918,Jaipur,Android,2025-11-08
USR02919,Mumbai,Android,2025-08-14
USR02920,Chennai,Android,2026-05-20
USR02921,Kolkata,iOS,2026-04-24
USR02922,Delhi NCR,iOS,2025-12-30
USR02923,Bengaluru,Android,2025-10-01
USR02924,Ahmedabad,iOS,2026-04-10
USR02925,Hyderabad,Android,2025-10-10
USR02926,Hyderabad,iOS,2025-09-29
USR02927,Chennai,iOS,2025-11-22
USR02928,Bengaluru,Android,2026-04-17
USR02929,Chennai,Android,2026-06-19
USR02930,Jaipur,Android,2025-09-07
USR02931,Chennai,iOS,2025-08-20
USR02932,Kolkata,Android,2026-04-24
USR02933,Chennai,Android,2026-05-13
USR02934,Mumbai,iOS,2026-06-18
USR02935,Mumbai,Android,2026-05-28
USR02936,Kolkata,iOS,2025-11-21
USR02937,Pune,Android,2025-10-17
USR02938,Ahmedabad,iOS,2026-04-12
USR02939,Hyderabad,Android,2026-06-22
USR02940,Bengaluru,Web,2025-11-18
USR02941,Mumbai,Android,2026-04-09
USR02942,Jaipur,Android,2025-10-31
USR02943,Mumbai,Android,2025-12-13
USR02944,Kolkata,Android,2025-11-29
USR02945,Chennai,Android,2026-07-03
USR02946,Delhi NCR,iOS,2025-11-27
USR02947,Hyderabad,Android,2026-04-08
USR02948,Kolkata,Android,2026-05-06
USR02949,Ahmedabad,Android,2025-11-21
USR02950,Bengaluru,Web,2025-12-26
USR02951,Kolkata,Web,2026-01-14
USR02952,Pune,Android,2025-09-29
USR02953,Delhi NCR,Android,2026-01-11
USR02954,Bengaluru,Android,2026-02-20
USR02955,Delhi NCR,iOS,2026-04-05
USR02956,Ahmedabad,Android,2025-11-29
USR02957,Mumbai,Android,2026-04-17
USR02958,Pune,iOS,2026-02-26
USR02959,Mumbai,Android,2026-01-13
USR02960,Hyderabad,Android,2026-02-27
USR02961,Kolkata,iOS,2026-03-06
USR02962,Kolkata,Android,2025-08-28
USR02963,Hyderabad,Android,2025-11-21
USR02964,Chennai,Android,2025-08-24
USR02965,Hyderabad,Android,2025-11-22
USR02966,Delhi NCR,Android,2026-06-17
USR02967,Bengaluru,iOS,2026-06-11
USR02968,Chennai,Android,2026-05-04
USR02969,Mumbai,Web,2025-08-11
USR02970,Kolkata,Android,2026-01-18
USR02971,Chennai,iOS,2026-05-11
USR02972,Bengaluru,Android,2026-04-23
USR02973,Pune,Android,2025-11-10
USR02974,Delhi NCR,iOS,2026-02-19
USR02975,Pune,Android,2025-10-22
USR02976,Chennai,Android,2025-11-19
USR02977,Jaipur,iOS,2025-08-07
USR02978,Mumbai,iOS,2026-04-27
USR02979,Bengaluru,Android,2026-04-06
USR02980,Mumbai,Android,2026-01-02
USR02981,Mumbai,Android,2025-12-05
USR02982,Mumbai,Android,2025-10-03
USR02983,Kolkata,Android,2025-10-07
USR02984,Hyderabad,iOS,2025-09-09
USR02985,Bengaluru,Android,2026-03-01
USR02986,Mumbai,Android,2026-05-05
USR02987,Delhi NCR,Android,2026-05-29
USR02988,Kolkata,Android,2026-06-07
USR02989,Hyderabad,iOS,2026-03-06
USR02990,Jaipur,iOS,2026-01-02
USR02991,Hyderabad,Android,2025-09-21
USR02992,Hyderabad,Web,2026-05-23
USR02993,Ahmedabad,Android,2026-03-08
USR02994,Bengaluru,Android,2026-02-25
USR02995,Jaipur,Android,2025-12-24
USR02996,Jaipur,Android,2026-02-12
USR02997,Mumbai,Web,2026-02-18
USR02998,Chennai,iOS,2025-09-25
USR02999,Ahmedabad,Android,2025-08-13
USR03000,Kolkata,iOS,2026-03-17
USR03001,Chennai,Android,2025-09-25
USR03002,Hyderabad,Android,2026-06-19
USR03003,Bengaluru,Android,2025-10-26
USR03004,Pune,iOS,2026-04-08
USR03005,Pune,Android,2026-02-23
USR03006,Ahmedabad,Android,2026-05-18
USR03007,Pune,Android,2026-04-10
USR03008,Hyderabad,Android,2026-01-20
USR03009,Delhi NCR,Android,2026-05-17
USR03010,Kolkata,iOS,2025-12-16
USR03011,Pune,iOS,2026-04-08
USR03012,Jaipur,Android,2026-06-30
USR03013,Pune,Android,2026-04-05
USR03014,Jaipur,Android,2025-09-11
USR03015,Bengaluru,Android,2025-09-09
USR03016,Kolkata,Android,2025-08-07
USR03017,Delhi NCR,Android,2025-10-02
USR03018,Delhi NCR,Android,2025-09-28
USR03019,Mumbai,iOS,2026-04-11
USR03020,Delhi NCR,Android,2026-04-26
USR03021,Ahmedabad,Android,2026-05-08
USR03022,Kolkata,Android,2025-12-30
USR03023,Bengaluru,Android,2025-12-29
USR03024,Hyderabad,Android,2026-06-11
USR03025,Chennai,Android,2025-10-24
USR03026,Delhi NCR,Android,2025-11-13
USR03027,Chennai,Android,2025-12-07
USR03028,Ahmedabad,Android,2026-01-17
USR03029,Delhi NCR,Android,2026-03-31
USR03030,Mumbai,Android,2025-10-31
USR03031,Delhi NCR,Android,2025-08-03
USR03032,Hyderabad,Android,2025-11-11
USR03033,Bengaluru,Android,2026-01-17
USR03034,Bengaluru,Android,2026-03-28
USR03035,Delhi NCR,Android,2026-06-22
USR03036,Jaipur,iOS,2026-01-24
USR03037,Mumbai,iOS,2025-12-19
USR03038,Hyderabad,iOS,2026-03-07
USR03039,Hyderabad,Android,2026-02-23
USR03040,Hyderabad,Android,2026-06-25
USR03041,Pune,Android,2025-10-18
USR03042,Bengaluru,iOS,2025-12-22
USR03043,Delhi NCR,Android,2025-09-22
USR03044,Delhi NCR,iOS,2026-05-28
USR03045,Kolkata,Android,2026-05-31
USR03046,Hyderabad,Web,2026-06-12
USR03047,Ahmedabad,Android,2025-08-02
USR03048,Pune,Web,2025-09-16
USR03049,Delhi NCR,Android,2026-04-01
USR03050,Mumbai,Android,2025-08-27
USR03051,Delhi NCR,Android,2026-03-14
USR03052,Kolkata,Android,2026-01-15
USR03053,Hyderabad,Android,2025-09-30
USR03054,Pune,Android,2026-02-10
USR03055,Kolkata,Android,2026-01-29
USR03056,Hyderabad,iOS,2026-01-10
USR03057,Jaipur,Android,2026-06-06
USR03058,Pune,Web,2026-06-21
USR03059,Hyderabad,Android,2026-03-12
USR03060,Jaipur,Android,2025-12-07
USR03061,Bengaluru,Android,2026-03-11
USR03062,Chennai,Android,2026-02-04
USR03063,Ahmedabad,iOS,2026-01-25
USR03064,Kolkata,Android,2026-05-14
USR03065,Pune,Android,2025-10-31
USR03066,Mumbai,Android,2026-02-01
USR03067,Jaipur,Android,2026-05-28
USR03068,Hyderabad,Android,2026-02-05
USR03069,Hyderabad,Android,2025-08-07
USR03070,Hyderabad,Android,2025-12-19
USR03071,Ahmedabad,Android,2025-12-08
USR03072,Hyderabad,Android,2026-05-20
USR03073,Mumbai,iOS,2026-03-30
USR03074,Ahmedabad,Android,2026-03-31
USR03075,Jaipur,iOS,2025-08-20
USR03076,Chennai,Android,2025-10-18
USR03077,Delhi NCR,iOS,2025-10-07
USR03078,Bengaluru,Android,2025-10-01
USR03079,Mumbai,Android,2025-09-01
USR03080,Chennai,Android,2026-05-06
USR03081,Hyderabad,Web,2025-11-08
USR03082,Mumbai,Android,2026-07-11
USR03083,Chennai,iOS,2025-10-26
USR03084,Chennai,Android,2026-07-07
USR03085,Kolkata,Android,2026-07-08
USR03086,Mumbai,Android,2026-04-14
USR03087,Delhi NCR,iOS,2025-09-12
USR03088,Delhi NCR,Android,2025-12-20
USR03089,Pune,Android,2026-02-26
USR03090,Delhi NCR,Android,2025-08-02
USR03091,Hyderabad,Android,2026-01-27
USR03092,Bengaluru,Android,2026-05-18
USR03093,Bengaluru,Android,2026-03-26
USR03094,Bengaluru,Android,2025-09-16
USR03095,Delhi NCR,iOS,2025-11-04
USR03096,Chennai,Android,2025-08-11
USR03097,Delhi NCR,iOS,2025-11-20
USR03098,Chennai,Android,2025-12-05
USR03099,Hyderabad,iOS,2026-06-25
USR03100,Pune,iOS,2025-10-07
USR03101,Hyderabad,Android,2025-12-25
USR03102,Delhi NCR,Android,2026-05-17
USR03103,Chennai,Android,2025-11-05
USR03104,Hyderabad,iOS,2025-10-30
USR03105,Hyderabad,Android,2026-03-14
USR03106,Hyderabad,Android,2026-01-29
USR03107,Chennai,Android,2026-06-25
USR03108,Jaipur,Android,2026-06-20
USR03109,Delhi NCR,Android,2026-05-27
USR03110,Kolkata,Android,2026-05-19
USR03111,Pune,Web,2026-03-11
USR03112,Chennai,Android,2026-07-16
USR03113,Hyderabad,Android,2026-04-15
USR03114,Jaipur,iOS,2025-12-16
USR03115,Bengaluru,Android,2025-11-16
USR03116,Hyderabad,Android,2025-12-12
USR03117,Mumbai,iOS,2026-04-22
USR03118,Delhi NCR,Android,2026-03-28
USR03119,Chennai,Android,2026-02-10
USR03120,Mumbai,Android,2025-09-23
USR03121,Chennai,iOS,2025-08-05
USR03122,Delhi NCR,Android,2026-01-19
USR03123,Chennai,Android,2025-09-21
USR03124,Delhi NCR,iOS,2026-01-04
USR03125,Delhi NCR,Android,2025-11-04
USR03126,Mumbai,Android,2026-06-12
USR03127,Ahmedabad,Android,2026-03-11
USR03128,Kolkata,Android,2025-12-03
USR03129,Hyderabad,iOS,2026-06-04
USR03130,Chennai,Android,2026-02-22
USR03131,Hyderabad,Android,2025-11-28
USR03132,Jaipur,Android,2026-03-07
USR03133,Hyderabad,Web,2026-02-22
USR03134,Mumbai,Android,2025-10-25
USR03135,Hyderabad,iOS,2026-04-26
USR03136,Pune,Web,2026-05-18
USR03137,Delhi NCR,Android,2026-01-18
USR03138,Mumbai,Web,2026-01-06
USR03139,Delhi NCR,iOS,2026-03-23
USR03140,Kolkata,Android,2025-08-01
USR03141,Delhi NCR,Android,2025-10-28
USR03142,Hyderabad,Android,2025-11-03
USR03143,Pune,iOS,2026-03-12
USR03144,Bengaluru,iOS,2025-10-18
USR03145,Jaipur,iOS,2026-02-08
USR03146,Mumbai,Android,2026-01-24
USR03147,Bengaluru,Android,2026-02-18
USR03148,Pune,iOS,2026-07-09
USR03149,Kolkata,iOS,2025-12-03
USR03150,Bengaluru,Android,2026-01-10
USR03151,Delhi NCR,Android,2026-01-15
USR03152,Hyderabad,iOS,2026-03-06
USR03153,Kolkata,Android,2026-01-25
USR03154,Ahmedabad,Android,2026-05-28
USR03155,Mumbai,Android,2026-06-08
USR03156,Delhi NCR,iOS,2026-02-05
USR03157,Chennai,Android,2025-08-01
USR03158,Kolkata,iOS,2026-06-27
USR03159,Pune,Android,2025-11-05
USR03160,Mumbai,Android,2026-03-11
USR03161,Bengaluru,Android,2026-07-01
USR03162,Delhi NCR,Android,2025-12-24
USR03163,Hyderabad,Android,2026-04-04
USR03164,Mumbai,Android,2026-03-04
USR03165,Delhi NCR,Android,2026-07-16
USR03166,Jaipur,iOS,2026-03-27
USR03167,Bengaluru,Android,2025-09-21
USR03168,Kolkata,iOS,2025-08-07
USR03169,Delhi NCR,Android,2026-05-22
USR03170,Jaipur,Android,2026-03-21
USR03171,Mumbai,Android,2026-07-10
USR03172,Kolkata,Android,2025-08-28
USR03173,Hyderabad,Android,2026-06-21
USR03174,Bengaluru,Android,2026-03-19
USR03175,Jaipur,Android,2026-03-31
USR03176,Chennai,iOS,2026-02-03
USR03177,Bengaluru,iOS,2026-03-06
USR03178,Jaipur,iOS,2026-07-12
USR03179,Bengaluru,Android,2026-01-20
USR03180,Hyderabad,Android,2026-06-11
USR03181,Ahmedabad,Android,2026-03-26
USR03182,Hyderabad,Android,2026-04-08
USR03183,Ahmedabad,Android,2026-06-03
USR03184,Chennai,Android,2026-01-20
USR03185,Hyderabad,iOS,2025-08-13
USR03186,Jaipur,Android,2025-12-29
USR03187,Chennai,Android,2026-03-17
USR03188,Chennai,Android,2025-08-19
USR03189,Bengaluru,Android,2025-08-19
USR03190,Jaipur,iOS,2025-12-06
USR03191,Delhi NCR,Android,2025-09-18
USR03192,Delhi NCR,iOS,2026-06-21
USR03193,Ahmedabad,Android,2025-12-19
USR03194,Chennai,Web,2026-06-13
USR03195,Pune,iOS,2026-04-26
USR03196,Ahmedabad,Android,2026-01-15
USR03197,Chennai,Android,2026-06-08
USR03198,Bengaluru,Android,2025-09-10
USR03199,Chennai,iOS,2026-01-02
USR03200,Kolkata,Android,2025-11-03
USR03201,Hyderabad,iOS,2025-09-10
USR03202,Kolkata,Web,2025-11-07
USR03203,Hyderabad,Web,2026-06-12
USR03204,Jaipur,Android,2025-12-03
USR03205,Mumbai,Android,2026-03-31
USR03206,Pune,iOS,2026-03-12
USR03207,Hyderabad,iOS,2025-11-04
USR03208,Hyderabad,Android,2025-08-24
USR03209,Kolkata,iOS,2026-07-14
USR03210,Hyderabad,Android,2026-02-25
USR03211,Pune,Android,2026-03-01
USR03212,Delhi NCR,Android,2026-03-25
USR03213,Chennai,Android,2025-11-24
USR03214,Mumbai,Android,2025-11-22
USR03215,Bengaluru,Android,2026-06-08
USR03216,Ahmedabad,Android,2026-06-22
USR03217,Chennai,Android,2026-04-01
USR03218,Jaipur,Android,2026-01-22
USR03219,Chennai,Android,2026-03-16
USR03220,Delhi NCR,Android,2026-04-13
USR03221,Pune,Android,2025-10-27
USR03222,Kolkata,Android,2025-08-17
USR03223,Bengaluru,Android,2026-05-15
USR03224,Chennai,Android,2026-04-29
USR03225,Chennai,Android,2026-01-09
USR03226,Ahmedabad,Android,2025-08-16
USR03227,Delhi NCR,Android,2025-10-25
USR03228,Chennai,Android,2026-03-01
USR03229,Mumbai,iOS,2025-12-24
USR03230,Jaipur,iOS,2025-11-29
USR03231,Kolkata,iOS,2025-10-07
USR03232,Kolkata,Android,2025-10-03
USR03233,Bengaluru,Android,2025-11-17
USR03234,Bengaluru,Android,2025-10-31
USR03235,Delhi NCR,iOS,2026-02-22
USR03236,Jaipur,Android,2025-11-20
USR03237,Kolkata,iOS,2025-12-21
USR03238,Chennai,iOS,2026-06-19
USR03239,Bengaluru,Android,2026-06-21
USR03240,Chennai,Android,2026-04-30
USR03241,Kolkata,Android,2026-02-23
USR03242,Ahmedabad,iOS,2025-12-25
USR03243,Ahmedabad,Android,2025-10-30
USR03244,Kolkata,Android,2026-04-30
USR03245,Chennai,iOS,2026-07-02
USR03246,Delhi NCR,Android,2025-09-20
USR03247,Kolkata,Android,2026-03-03
USR03248,Kolkata,Android,2026-06-22
USR03249,Mumbai,Android,2025-10-10
USR03250,Jaipur,Web,2026-06-03
USR03251,Kolkata,iOS,2026-01-14
USR03252,Pune,Android,2026-06-17
USR03253,Ahmedabad,Android,2026-02-06
USR03254,Mumbai,iOS,2026-07-01
USR03255,Kolkata,Android,2025-11-07
USR03256,Delhi NCR,Android,2025-12-01
USR03257,Delhi NCR,Android,2025-11-11
USR03258,Chennai,Android,2025-09-03
USR03259,Mumbai,Android,2026-03-25
USR03260,Ahmedabad,Android,2026-06-05
USR03261,Ahmedabad,Web,2025-10-30
USR03262,Ahmedabad,Android,2025-09-26
USR03263,Chennai,iOS,2025-10-21
USR03264,Pune,Android,2025-09-05
USR03265,Mumbai,iOS,2026-07-16
USR03266,Kolkata,iOS,2026-03-29
USR03267,Kolkata,Android,2026-03-02
USR03268,Hyderabad,iOS,2026-05-03
USR03269,Bengaluru,Android,2026-06-07
USR03270,Jaipur,Android,2026-03-13
USR03271,Ahmedabad,iOS,2025-08-31
USR03272,Hyderabad,iOS,2025-08-21
USR03273,Chennai,Android,2026-04-19
USR03274,Ahmedabad,Android,2025-10-03
USR03275,Bengaluru,Android,2025-12-13
USR03276,Bengaluru,iOS,2026-02-04
USR03277,Kolkata,Android,2025-10-12
USR03278,Pune,iOS,2025-11-16
USR03279,Hyderabad,Android,2026-06-25
USR03280,Bengaluru,Android,2026-04-09
USR03281,Pune,iOS,2026-01-23
USR03282,Hyderabad,Android,2026-01-17
USR03283,Ahmedabad,Android,2026-05-18
USR03284,Hyderabad,Android,2025-10-11
USR03285,Delhi NCR,Android,2025-08-14
USR03286,Pune,iOS,2026-05-16
USR03287,Chennai,Android,2026-01-05
USR03288,Delhi NCR,Android,2026-01-04
USR03289,Ahmedabad,Android,2026-07-11
USR03290,Hyderabad,Android,2025-10-05
USR03291,Delhi NCR,Android,2026-02-13
USR03292,Hyderabad,Android,2025-08-15
USR03293,Pune,Android,2025-10-15
USR03294,Mumbai,Android,2026-04-18
USR03295,Jaipur,Android,2026-06-13
USR03296,Delhi NCR,Web,2026-06-26
USR03297,Delhi NCR,Android,2026-04-14
USR03298,Chennai,Android,2026-02-10
USR03299,Ahmedabad,Android,2026-04-26
USR03300,Ahmedabad,Android,2026-02-11
USR03301,Mumbai,Android,2025-09-03
USR03302,Chennai,Android,2025-11-14
USR03303,Pune,Android,2026-06-08
USR03304,Bengaluru,Android,2026-01-30
USR03305,Ahmedabad,Android,2026-06-23
USR03306,Mumbai,iOS,2026-04-26
USR03307,Pune,iOS,2026-02-03
USR03308,Mumbai,Android,2025-09-20
USR03309,Chennai,Android,2025-12-17
USR03310,Jaipur,Web,2026-05-03
USR03311,Bengaluru,Web,2025-08-29
USR03312,Ahmedabad,Android,2025-12-05
USR03313,Pune,Android,2025-11-02
USR03314,Pune,Android,2026-03-22
USR03315,Delhi NCR,Android,2026-06-08
USR03316,Hyderabad,Android,2025-09-16
USR03317,Pune,iOS,2025-09-02
USR03318,Delhi NCR,Android,2025-09-01
USR03319,Pune,Android,2026-05-27
USR03320,Ahmedabad,Android,2026-05-02
USR03321,Mumbai,Android,2026-06-21
USR03322,Bengaluru,Android,2025-09-29
USR03323,Ahmedabad,Android,2025-11-10
USR03324,Bengaluru,Android,2025-11-19
USR03325,Ahmedabad,Android,2025-08-05
USR03326,Kolkata,iOS,2025-09-27
USR03327,Ahmedabad,iOS,2025-11-08
USR03328,Ahmedabad,Web,2025-12-07
USR03329,Kolkata,Android,2026-04-10
USR03330,Delhi NCR,Android,2026-04-05
USR03331,Jaipur,Android,2026-06-27
USR03332,Hyderabad,Android,2026-04-30
USR03333,Pune,Android,2026-07-14
USR03334,Jaipur,Android,2026-06-17
USR03335,Ahmedabad,Android,2025-11-02
USR03336,Ahmedabad,Android,2026-04-18
USR03337,Ahmedabad,Android,2025-10-31
USR03338,Bengaluru,iOS,2026-07-11
USR03339,Hyderabad,Android,2026-03-15
USR03340,Chennai,Android,2026-05-03
USR03341,Delhi NCR,Android,2025-09-25
USR03342,Pune,Android,2026-04-14
USR03343,Hyderabad,Android,2026-04-29
USR03344,Ahmedabad,Android,2026-01-01
USR03345,Pune,Android,2025-10-19
USR03346,Chennai,Android,2026-02-19
USR03347,Delhi NCR,iOS,2026-06-09
USR03348,Delhi NCR,Android,2026-04-22
USR03349,Ahmedabad,Android,2026-03-02
USR03350,Hyderabad,Android,2025-12-13
USR03351,Ahmedabad,iOS,2026-01-03
USR03352,Chennai,Android,2026-01-18
USR03353,Chennai,iOS,2026-01-09
USR03354,Ahmedabad,Android,2026-05-16
USR03355,Kolkata,iOS,2025-08-03
USR03356,Kolkata,Android,2026-02-26
USR03357,Chennai,Android,2025-10-11
USR03358,Ahmedabad,iOS,2025-08-10
USR03359,Pune,Android,2025-12-10
USR03360,Hyderabad,iOS,2025-08-13
USR03361,Chennai,Android,2026-02-12
USR03362,Chennai,Android,2025-11-11
USR03363,Pune,Android,2026-03-14
USR03364,Hyderabad,Android,2025-12-03
USR03365,Delhi NCR,Android,2026-04-03
USR03366,Ahmedabad,Web,2025-08-24
USR03367,Kolkata,Android,2026-04-07
USR03368,Pune,Android,2026-06-07
USR03369,Kolkata,Android,2025-08-29
USR03370,Chennai,Android,2026-02-06
USR03371,Ahmedabad,iOS,2025-09-26
USR03372,Ahmedabad,Android,2025-09-07
USR03373,Chennai,Web,2026-02-28
USR03374,Delhi NCR,iOS,2026-05-29
USR03375,Hyderabad,Android,2026-05-15
USR03376,Bengaluru,Android,2026-01-15
USR03377,Jaipur,iOS,2025-12-12
USR03378,Jaipur,Android,2025-12-28
USR03379,Mumbai,Android,2025-09-04
USR03380,Chennai,Web,2026-02-01
USR03381,Ahmedabad,iOS,2025-11-18
USR03382,Delhi NCR,Android,2025-11-25
USR03383,Ahmedabad,Android,2025-11-10
USR03384,Hyderabad,Android,2025-08-12
USR03385,Delhi NCR,Android,2026-02-27
USR03386,Kolkata,Android,2026-04-07
USR03387,Mumbai,iOS,2025-08-31
USR03388,Jaipur,Android,2026-05-17
USR03389,Kolkata,Web,2026-04-16
USR03390,Chennai,iOS,2026-04-09
USR03391,Hyderabad,Android,2026-06-21
USR03392,Bengaluru,iOS,2026-05-17
USR03393,Bengaluru,Web,2025-09-27
USR03394,Jaipur,Android,2026-04-20
USR03395,Bengaluru,Android,2026-03-28
USR03396,Pune,iOS,2026-03-09
USR03397,Hyderabad,Android,2025-10-17
USR03398,Chennai,Android,2026-06-28
USR03399,Chennai,Android,2026-03-10
USR03400,Mumbai,Android,2025-12-29
USR03401,Mumbai,Android,2026-02-16
USR03402,Mumbai,Android,2026-01-13
USR03403,Kolkata,Android,2025-11-23
USR03404,Chennai,Android,2026-07-01
USR03405,Pune,iOS,2026-05-22
USR03406,Chennai,iOS,2026-05-23
USR03407,Delhi NCR,Android,2025-10-15
USR03408,Pune,Android,2025-09-21
USR03409,Mumbai,Android,2025-08-21
USR03410,Delhi NCR,Android,2025-09-05
USR03411,Chennai,iOS,2025-11-26
USR03412,Pune,Android,2025-10-23
USR03413,Kolkata,Web,2025-11-28
USR03414,Pune,iOS,2025-08-14
USR03415,Delhi NCR,iOS,2026-03-14
USR03416,Bengaluru,iOS,2026-02-09
USR03417,Mumbai,Android,2025-11-15
USR03418,Kolkata,Android,2026-03-13
USR03419,Kolkata,Android,2026-02-11
USR03420,Bengaluru,Android,2025-10-29
USR03421,Jaipur,iOS,2026-04-22
USR03422,Bengaluru,Android,2025-11-16
USR03423,Bengaluru,iOS,2026-06-06
USR03424,Chennai,iOS,2026-01-10
USR03425,Kolkata,Android,2025-09-16
USR03426,Jaipur,Android,2025-12-09
USR03427,Jaipur,Android,2026-03-22
USR03428,Mumbai,Android,2026-03-04
USR03429,Kolkata,Web,2025-09-21
USR03430,Chennai,Android,2026-01-06
USR03431,Bengaluru,Android,2026-06-30
USR03432,Hyderabad,Android,2025-09-13
USR03433,Kolkata,iOS,2025-08-09
USR03434,Hyderabad,iOS,2026-01-13
USR03435,Mumbai,Android,2025-12-06
USR03436,Delhi NCR,Android,2025-10-05
USR03437,Jaipur,Android,2026-03-29
USR03438,Mumbai,Android,2025-11-16
USR03439,Hyderabad,Android,2026-03-01
USR03440,Delhi NCR,Android,2025-10-29
USR03441,Jaipur,Web,2026-07-09
USR03442,Delhi NCR,Android,2025-09-26
USR03443,Delhi NCR,Android,2025-11-13
USR03444,Hyderabad,Android,2026-02-08
USR03445,Hyderabad,Android,2025-08-15
USR03446,Mumbai,Android,2026-03-29
USR03447,Mumbai,iOS,2025-10-13
USR03448,Kolkata,Android,2026-02-10
USR03449,Jaipur,Android,2025-09-21
USR03450,Mumbai,Android,2025-11-23
USR03451,Bengaluru,Android,2025-09-03
USR03452,Bengaluru,Web,2026-03-26
USR03453,Kolkata,iOS,2026-05-02
USR03454,Ahmedabad,Android,2026-06-05
USR03455,Mumbai,Android,2026-03-29
USR03456,Hyderabad,Android,2026-07-03
USR03457,Jaipur,Android,2026-06-11
USR03458,Bengaluru,Android,2026-05-20
USR03459,Pune,Android,2026-04-21
USR03460,Delhi NCR,iOS,2025-10-13
USR03461,Pune,Android,2025-09-18
USR03462,Kolkata,Android,2026-06-11
USR03463,Bengaluru,Android,2025-12-07
USR03464,Delhi NCR,iOS,2026-01-02
USR03465,Chennai,Android,2026-03-25
USR03466,Jaipur,Android,2025-12-15
USR03467,Delhi NCR,Android,2026-02-08
USR03468,Delhi NCR,Android,2025-08-18
USR03469,Kolkata,Android,2025-11-10
USR03470,Delhi NCR,Android,2026-06-21
USR03471,Mumbai,iOS,2025-11-30
USR03472,Delhi NCR,Android,2025-08-06
USR03473,Ahmedabad,Android,2026-01-24
USR03474,Pune,Android,2026-05-23
USR03475,Kolkata,Android,2025-11-18
USR03476,Ahmedabad,Android,2026-05-07
USR03477,Ahmedabad,Android,2025-12-22
USR03478,Jaipur,iOS,2026-01-20
USR03479,Delhi NCR,Android,2026-04-07
USR03480,Jaipur,Android,2025-09-19
USR03481,Chennai,iOS,2025-12-13
USR03482,Bengaluru,iOS,2026-03-07
USR03483,Mumbai,Web,2025-10-04
USR03484,Bengaluru,Android,2026-03-23
USR03485,Bengaluru,Android,2025-12-30
USR03486,Delhi NCR,iOS,2026-01-05
USR03487,Ahmedabad,Android,2025-09-12
USR03488,Jaipur,Android,2026-04-19
USR03489,Pune,Android,2026-07-15
USR03490,Pune,iOS,2025-11-10
USR03491,Chennai,Android,2025-10-17
USR03492,Jaipur,Android,2026-04-30
USR03493,Chennai,Android,2026-04-29
USR03494,Delhi NCR,Android,2025-09-21
USR03495,Delhi NCR,Android,2026-06-13
USR03496,Pune,iOS,2025-10-17
USR03497,Jaipur,iOS,2026-06-09
USR03498,Kolkata,iOS,2025-12-21
USR03499,Mumbai,Web,2026-02-22
USR03500,Hyderabad,Android,2026-04-25
USR03501,Kolkata,iOS,2026-03-28
USR03502,Chennai,Android,2026-01-01
USR03503,Mumbai,Android,2026-05-12
USR03504,Hyderabad,Android,2026-06-10
USR03505,Bengaluru,Android,2026-02-27
USR03506,Delhi NCR,Android,2025-10-22
USR03507,Pune,Android,2025-10-21
USR03508,Kolkata,Android,2025-11-08
USR03509,Pune,iOS,2025-09-06
USR03510,Pune,Web,2025-12-20
USR03511,Delhi NCR,iOS,2025-10-03
USR03512,Delhi NCR,Android,2025-10-12
USR03513,Hyderabad,iOS,2025-08-06
USR03514,Bengaluru,Android,2026-04-26
USR03515,Bengaluru,iOS,2026-06-03
USR03516,Ahmedabad,Android,2026-03-13
USR03517,Hyderabad,iOS,2026-05-05
USR03518,Ahmedabad,Android,2026-01-22
USR03519,Hyderabad,iOS,2025-08-21
USR03520,Kolkata,iOS,2025-12-09
USR03521,Bengaluru,Android,2026-03-07
USR03522,Delhi NCR,iOS,2026-04-07
USR03523,Hyderabad,Android,2025-09-22
USR03524,Bengaluru,Web,2026-06-05
USR03525,Chennai,Android,2026-07-07
USR03526,Ahmedabad,iOS,2026-03-10
USR03527,Kolkata,Android,2025-09-23
USR03528,Hyderabad,iOS,2025-12-20
USR03529,Hyderabad,Android,2026-01-16
USR03530,Kolkata,Android,2025-12-07
USR03531,Chennai,Android,2025-09-21
USR03532,Ahmedabad,Android,2026-04-11
USR03533,Pune,Android,2026-07-07
USR03534,Hyderabad,Android,2026-04-07
USR03535,Jaipur,Android,2026-05-17
USR03536,Kolkata,Android,2026-07-08
USR03537,Kolkata,Android,2025-09-25
USR03538,Bengaluru,Android,2025-09-30
USR03539,Pune,Android,2026-07-11
USR03540,Kolkata,iOS,2025-08-21
USR03541,Chennai,Android,2026-03-14
USR03542,Ahmedabad,Android,2026-04-25
USR03543,Mumbai,iOS,2026-06-18
USR03544,Kolkata,Android,2025-08-14
USR03545,Pune,Android,2025-08-13
USR03546,Chennai,Android,2026-02-28
USR03547,Mumbai,iOS,2025-12-08
USR03548,Chennai,iOS,2026-01-24
USR03549,Chennai,Web,2025-12-06
USR03550,Hyderabad,Android,2025-08-25
USR03551,Chennai,Android,2026-06-22
USR03552,Hyderabad,iOS,2025-10-22
USR03553,Pune,Android,2026-05-08
USR03554,Chennai,iOS,2026-01-26
USR03555,Delhi NCR,iOS,2025-09-15
USR03556,Chennai,Android,2026-05-03
USR03557,Pune,Android,2026-01-04
USR03558,Bengaluru,iOS,2025-09-16
USR03559,Kolkata,Android,2026-04-12
USR03560,Delhi NCR,iOS,2025-11-12
USR03561,Hyderabad,iOS,2026-04-06
USR03562,Chennai,Android,2026-03-13
USR03563,Chennai,iOS,2025-10-26
USR03564,Chennai,Android,2025-11-06
USR03565,Hyderabad,iOS,2026-06-25
USR03566,Jaipur,Android,2026-05-14
USR03567,Jaipur,Android,2026-06-13
USR03568,Bengaluru,Android,2025-09-16
USR03569,Kolkata,iOS,2025-10-14
USR03570,Chennai,Android,2026-02-20
USR03571,Delhi NCR,iOS,2025-09-23
USR03572,Hyderabad,Android,2025-09-12
USR03573,Chennai,Web,2026-03-15
USR03574,Mumbai,Android,2025-10-19
USR03575,Hyderabad,Android,2025-11-23
USR03576,Pune,Android,2025-11-24
USR03577,Ahmedabad,Android,2025-11-19
USR03578,Delhi NCR,Android,2025-12-03
USR03579,Mumbai,iOS,2026-04-05
USR03580,Ahmedabad,Android,2026-05-10
USR03581,Pune,Android,2026-04-23
USR03582,Kolkata,Android,2026-02-15
USR03583,Hyderabad,Android,2026-02-03
USR03584,Hyderabad,Android,2026-02-03
USR03585,Pune,Android,2026-01-30
USR03586,Bengaluru,Web,2025-10-08
USR03587,Chennai,iOS,2025-12-05
USR03588,Jaipur,Android,2025-09-19
USR03589,Jaipur,Android,2026-05-02
USR03590,Chennai,Android,2026-06-06
USR03591,Pune,iOS,2026-06-27
USR03592,Jaipur,iOS,2025-11-23
USR03593,Ahmedabad,Android,2025-08-28
USR03594,Ahmedabad,Android,2026-04-12
USR03595,Kolkata,Android,2025-10-27
USR03596,Mumbai,Android,2026-05-14
USR03597,Mumbai,iOS,2026-04-02
USR03598,Delhi NCR,Android,2026-01-29
USR03599,Bengaluru,Web,2025-12-20
USR03600,Hyderabad,iOS,2025-08-15
USR03601,Ahmedabad,Android,2025-10-08
USR03602,Kolkata,Android,2026-03-20
USR03603,Hyderabad,Android,2026-07-12
USR03604,Hyderabad,Android,2026-05-19
USR03605,Jaipur,iOS,2025-10-13
USR03606,Jaipur,Web,2026-05-28
USR03607,Chennai,iOS,2026-06-09
USR03608,Mumbai,Android,2026-01-31
USR03609,Bengaluru,iOS,2025-09-06
USR03610,Bengaluru,Android,2025-10-22
USR03611,Pune,Android,2026-06-04
USR03612,Delhi NCR,iOS,2025-08-16
USR03613,Ahmedabad,iOS,2026-01-17
USR03614,Bengaluru,Android,2026-02-23
USR03615,Kolkata,iOS,2026-02-12
USR03616,Ahmedabad,Android,2026-01-23
USR03617,Delhi NCR,Android,2026-01-29
USR03618,Delhi NCR,Android,2025-12-08
USR03619,Ahmedabad,Android,2025-12-12
USR03620,Kolkata,Android,2026-01-27
USR03621,Bengaluru,Android,2025-09-18
USR03622,Jaipur,Android,2026-06-07
USR03623,Mumbai,Web,2025-08-31
USR03624,Chennai,Android,2025-08-01
USR03625,Jaipur,Android,2026-01-15
USR03626,Kolkata,Android,2026-05-18
USR03627,Chennai,iOS,2025-10-28
USR03628,Pune,Android,2026-04-13
USR03629,Delhi NCR,Android,2026-01-24
USR03630,Bengaluru,iOS,2025-10-19
USR03631,Chennai,Android,2026-03-14
USR03632,Delhi NCR,Android,2026-03-16
USR03633,Mumbai,Android,2026-05-03
USR03634,Bengaluru,iOS,2026-01-07
USR03635,Hyderabad,Android,2026-07-16
USR03636,Delhi NCR,Android,2025-10-25
USR03637,Bengaluru,Android,2026-06-05
USR03638,Delhi NCR,Web,2026-01-20
USR03639,Ahmedabad,iOS,2026-05-08
USR03640,Kolkata,iOS,2025-09-29
USR03641,Jaipur,Android,2025-12-05
USR03642,Chennai,Android,2026-04-09
USR03643,Pune,iOS,2025-08-22
USR03644,Chennai,Android,2026-04-03
USR03645,Bengaluru,iOS,2025-09-16
USR03646,Chennai,iOS,2026-05-16
USR03647,Jaipur,Android,2026-05-07
USR03648,Pune,Android,2025-10-09
USR03649,Ahmedabad,iOS,2025-12-28
USR03650,Kolkata,Android,2026-02-10
USR03651,Bengaluru,Android,2026-04-09
USR03652,Bengaluru,Android,2026-04-05
USR03653,Kolkata,Android,2025-12-26
USR03654,Mumbai,Android,2025-08-22
USR03655,Pune,iOS,2026-01-05
USR03656,Jaipur,Android,2026-01-08
USR03657,Mumbai,Android,2025-08-25
USR03658,Hyderabad,Android,2026-01-28
USR03659,Jaipur,Android,2026-03-11
USR03660,Jaipur,Android,2025-10-31
USR03661,Jaipur,Android,2025-08-23
USR03662,Pune,Android,2025-11-04
USR03663,Pune,Android,2025-09-07
USR03664,Pune,Android,2026-05-20
USR03665,Mumbai,Android,2026-02-12
USR03666,Pune,iOS,2025-09-29
USR03667,Hyderabad,Android,2025-12-02
USR03668,Chennai,Web,2026-02-16
USR03669,Pune,Android,2026-02-22
USR03670,Mumbai,Android,2026-06-03
USR03671,Pune,Android,2025-12-11
USR03672,Kolkata,Android,2026-06-17
USR03673,Hyderabad,Android,2026-07-01
USR03674,Hyderabad,Android,2025-08-06
USR03675,Kolkata,iOS,2026-02-10
USR03676,Hyderabad,iOS,2025-11-06
USR03677,Ahmedabad,Android,2025-08-06
USR03678,Kolkata,Android,2026-03-18
USR03679,Delhi NCR,Android,2025-11-23
USR03680,Bengaluru,Android,2025-09-29
USR03681,Delhi NCR,iOS,2026-04-08
USR03682,Bengaluru,Android,2026-01-15
USR03683,Delhi NCR,iOS,2025-12-10
USR03684,Kolkata,Android,2025-12-25
USR03685,Hyderabad,iOS,2025-12-12
USR03686,Bengaluru,iOS,2026-02-19
USR03687,Pune,Web,2026-05-12
USR03688,Ahmedabad,Android,2026-04-23
USR03689,Mumbai,Android,2025-09-25
USR03690,Bengaluru,Android,2026-02-15
USR03691,Delhi NCR,Android,2025-09-04
USR03692,Pune,Android,2026-02-06
USR03693,Ahmedabad,iOS,2026-03-15
USR03694,Mumbai,Android,2026-04-15
USR03695,Pune,iOS,2026-01-10
USR03696,Mumbai,Android,2025-10-18
USR03697,Chennai,iOS,2025-12-07
USR03698,Delhi NCR,Android,2025-11-11
USR03699,Mumbai,Android,2025-10-18
USR03700,Hyderabad,Android,2025-11-24
USR03701,Delhi NCR,Android,2026-01-19
USR03702,Ahmedabad,Android,2026-03-14
USR03703,Bengaluru,iOS,2026-06-05
USR03704,Jaipur,Android,2025-10-22
USR03705,Delhi NCR,Android,2026-01-10
USR03706,Mumbai,Android,2025-09-03
USR03707,Kolkata,Android,2025-08-09
USR03708,Delhi NCR,iOS,2026-01-12
USR03709,Chennai,Android,2025-09-23
USR03710,Pune,Android,2025-08-02
USR03711,Mumbai,iOS,2026-05-18
USR03712,Bengaluru,iOS,2026-06-18
USR03713,Mumbai,Android,2025-09-07
USR03714,Mumbai,Android,2026-04-01
USR03715,Kolkata,Android,2026-06-12
USR03716,Kolkata,Android,2025-11-30
USR03717,Ahmedabad,Android,2026-01-24
USR03718,Ahmedabad,Android,2025-10-18
USR03719,Ahmedabad,Android,2026-02-01
USR03720,Pune,Android,2026-06-23
USR03721,Delhi NCR,Web,2026-02-15
USR03722,Hyderabad,iOS,2026-02-05
USR03723,Mumbai,Android,2026-01-01
USR03724,Delhi NCR,Android,2026-02-27
USR03725,Jaipur,iOS,2026-02-22
USR03726,Delhi NCR,iOS,2026-01-28
USR03727,Pune,iOS,2026-03-04
USR03728,Kolkata,Android,2026-03-20
USR03729,Ahmedabad,Web,2026-03-26
USR03730,Chennai,Android,2026-07-07
USR03731,Kolkata,Android,2026-04-29
USR03732,Pune,Android,2025-11-06
USR03733,Pune,iOS,2026-07-04
USR03734,Chennai,iOS,2026-05-08
USR03735,Kolkata,Android,2026-01-05
USR03736,Pune,Android,2026-03-29
USR03737,Bengaluru,Android,2026-03-20
USR03738,Hyderabad,iOS,2026-06-16
USR03739,Kolkata,Android,2025-11-20
USR03740,Chennai,Android,2025-10-20
USR03741,Kolkata,iOS,2026-03-10
USR03742,Delhi NCR,iOS,2025-08-13
USR03743,Pune,Android,2026-07-08
USR03744,Delhi NCR,Android,2026-07-15
USR03745,Delhi NCR,Android,2026-05-22
USR03746,Pune,Android,2026-01-10
USR03747,Ahmedabad,Android,2025-10-06
USR03748,Ahmedabad,Android,2026-06-10
USR03749,Jaipur,iOS,2025-08-19
USR03750,Bengaluru,iOS,2025-09-13
USR03751,Mumbai,Android,2025-08-28
USR03752,Chennai,iOS,2026-01-08
USR03753,Chennai,Android,2025-10-17
USR03754,Pune,Android,2025-09-03
USR03755,Chennai,Android,2026-01-09
USR03756,Ahmedabad,Android,2025-10-29
USR03757,Hyderabad,Android,2026-05-15
USR03758,Delhi NCR,iOS,2025-10-17
USR03759,Delhi NCR,Android,2026-04-30
USR03760,Kolkata,Android,2026-05-10
USR03761,Ahmedabad,Android,2025-12-22
USR03762,Pune,Web,2026-07-06
USR03763,Delhi NCR,iOS,2025-09-19
USR03764,Mumbai,Android,2026-02-12
USR03765,Ahmedabad,Android,2025-10-27
USR03766,Mumbai,Android,2026-02-02
USR03767,Ahmedabad,Android,2025-11-02
USR03768,Ahmedabad,iOS,2026-04-09
USR03769,Chennai,iOS,2025-09-13
USR03770,Chennai,Android,2025-10-09
USR03771,Hyderabad,Android,2025-10-16
USR03772,Bengaluru,Web,2026-07-09
USR03773,Pune,Web,2026-01-12
USR03774,Hyderabad,Android,2025-09-12
USR03775,Chennai,Android,2026-04-11
USR03776,Mumbai,Android,2026-05-30
USR03777,Kolkata,Web,2026-02-03
USR03778,Hyderabad,Android,2025-12-22
USR03779,Jaipur,iOS,2025-08-13
USR03780,Ahmedabad,Android,2025-10-25
USR03781,Mumbai,Android,2026-01-04
USR03782,Hyderabad,Android,2026-03-10
USR03783,Chennai,Android,2026-07-03
USR03784,Ahmedabad,Android,2026-01-18
USR03785,Jaipur,Android,2026-06-16
USR03786,Mumbai,iOS,2025-08-10
USR03787,Hyderabad,Android,2026-03-29
USR03788,Kolkata,Android,2026-07-11
USR03789,Hyderabad,Android,2026-01-19
USR03790,Chennai,iOS,2026-03-06
USR03791,Kolkata,Android,2025-10-07
USR03792,Chennai,Android,2026-05-10
USR03793,Pune,Android,2025-12-15
USR03794,Bengaluru,iOS,2026-07-10
USR03795,Bengaluru,iOS,2026-01-11
USR03796,Jaipur,iOS,2025-08-12
USR03797,Delhi NCR,iOS,2025-09-24
USR03798,Pune,Android,2026-02-08
USR03799,Bengaluru,Android,2025-11-30
USR03800,Bengaluru,iOS,2025-08-05
USR03801,Mumbai,iOS,2026-01-22
USR03802,Bengaluru,Android,2026-06-17
USR03803,Ahmedabad,Android,2026-01-17
USR03804,Bengaluru,Android,2025-08-29
USR03805,Delhi NCR,Android,2025-09-11
USR03806,Delhi NCR,Android,2025-09-16
USR03807,Mumbai,Android,2025-11-28
USR03808,Pune,Android,2025-09-10
USR03809,Kolkata,Android,2026-04-29
USR03810,Pune,Android,2025-11-10
USR03811,Ahmedabad,Android,2025-11-04
USR03812,Ahmedabad,Android,2026-07-13
USR03813,Mumbai,Android,2026-04-17
USR03814,Mumbai,Android,2025-11-10
USR03815,Hyderabad,Android,2026-05-05
USR03816,Pune,Android,2025-09-08
USR03817,Pune,Android,2026-01-12
USR03818,Pune,Android,2026-06-22
USR03819,Hyderabad,Android,2026-04-17
USR03820,Hyderabad,Android,2025-12-07
USR03821,Chennai,iOS,2026-04-29
USR03822,Mumbai,Android,2026-07-16
USR03823,Hyderabad,Android,2025-10-22
USR03824,Bengaluru,Android,2026-04-10
USR03825,Chennai,iOS,2025-08-31
USR03826,Kolkata,Android,2026-03-17
USR03827,Mumbai,Web,2026-07-12
USR03828,Bengaluru,Android,2026-02-02
USR03829,Bengaluru,Android,2026-01-11
USR03830,Ahmedabad,Android,2026-04-03
USR03831,Chennai,Android,2026-04-08
USR03832,Chennai,Android,2025-11-06
USR03833,Pune,Android,2025-08-22
USR03834,Chennai,Android,2026-03-25
USR03835,Chennai,iOS,2026-02-23
USR03836,Ahmedabad,iOS,2026-03-26
USR03837,Ahmedabad,Android,2026-02-14
USR03838,Kolkata,iOS,2025-10-11
USR03839,Chennai,Android,2026-06-20
USR03840,Delhi NCR,Android,2025-08-08
USR03841,Kolkata,iOS,2026-07-05
USR03842,Delhi NCR,Android,2025-11-03
USR03843,Pune,Android,2026-02-17
USR03844,Ahmedabad,Android,2026-01-20
USR03845,Pune,Android,2026-02-17
USR03846,Delhi NCR,Android,2026-05-09
USR03847,Hyderabad,Android,2026-04-07
USR03848,Ahmedabad,Android,2025-10-21
USR03849,Ahmedabad,Web,2025-08-31
USR03850,Chennai,Web,2025-09-04
USR03851,Chennai,Android,2026-06-08
USR03852,Hyderabad,Android,2026-04-23
USR03853,Ahmedabad,iOS,2026-03-02
USR03854,Ahmedabad,Android,2026-01-05
USR03855,Delhi NCR,Android,2026-01-07
USR03856,Kolkata,Android,2026-06-03
USR03857,Delhi NCR,Android,2026-01-22
USR03858,Chennai,iOS,2025-10-05
USR03859,Chennai,Android,2026-03-31
USR03860,Bengaluru,Android,2026-02-06
USR03861,Kolkata,Android,2026-01-15
USR03862,Pune,iOS,2026-01-08
USR03863,Ahmedabad,iOS,2026-05-12
USR03864,Chennai,Android,2026-01-17
USR03865,Pune,iOS,2026-01-12
USR03866,Pune,Android,2026-06-09
USR03867,Pune,iOS,2025-12-06
USR03868,Ahmedabad,Android,2025-08-10
USR03869,Chennai,Android,2025-09-18
USR03870,Kolkata,iOS,2026-06-16
USR03871,Chennai,Android,2026-04-09
USR03872,Ahmedabad,Android,2025-12-15
USR03873,Bengaluru,Android,2025-11-07
USR03874,Hyderabad,Android,2026-02-03
USR03875,Mumbai,Android,2025-11-23
USR03876,Mumbai,Android,2026-06-14
USR03877,Ahmedabad,Android,2025-12-18
USR03878,Chennai,Android,2026-01-08
USR03879,Jaipur,Android,2026-06-27
USR03880,Pune,Web,2026-06-02
USR03881,Bengaluru,Android,2025-09-01
USR03882,Pune,Android,2026-04-16
USR03883,Hyderabad,Android,2026-02-09
USR03884,Kolkata,Android,2025-08-06
USR03885,Hyderabad,Android,2025-10-13
USR03886,Hyderabad,Android,2026-06-30
USR03887,Kolkata,Android,2026-03-27
USR03888,Delhi NCR,Android,2026-02-12
USR03889,Jaipur,Android,2026-03-16
USR03890,Chennai,Android,2025-12-19
USR03891,Ahmedabad,Android,2026-06-07
USR03892,Ahmedabad,Android,2026-05-28
USR03893,Delhi NCR,Android,2025-08-09
USR03894,Bengaluru,Android,2026-01-15
USR03895,Jaipur,Android,2025-10-12
USR03896,Chennai,iOS,2026-02-09
USR03897,Jaipur,Android,2026-03-11
USR03898,Chennai,Android,2026-01-15
USR03899,Mumbai,Android,2026-01-13
USR03900,Mumbai,iOS,2025-08-29
USR03901,Delhi NCR,Android,2025-09-04
USR03902,Delhi NCR,Android,2026-04-25
USR03903,Delhi NCR,iOS,2025-11-29
USR03904,Bengaluru,iOS,2026-01-30
USR03905,Chennai,Android,2026-01-23
USR03906,Bengaluru,Android,2026-05-07
USR03907,Mumbai,Android,2026-06-25
USR03908,Kolkata,Android,2026-05-08
USR03909,Bengaluru,iOS,2026-03-18
USR03910,Delhi NCR,Android,2025-12-12
USR03911,Pune,Android,2026-06-27
USR03912,Jaipur,Android,2026-06-26
USR03913,Pune,Android,2025-08-22
USR03914,Pune,iOS,2025-10-18
USR03915,Delhi NCR,Android,2026-01-13
USR03916,Kolkata,iOS,2026-07-10
USR03917,Kolkata,Android,2025-12-27
USR03918,Ahmedabad,Android,2026-03-01
USR03919,Jaipur,Android,2025-11-11
USR03920,Mumbai,Android,2026-05-26
USR03921,Ahmedabad,Android,2025-09-11
USR03922,Chennai,Android,2025-10-24
USR03923,Kolkata,Android,2026-05-02
USR03924,Mumbai,iOS,2026-06-15
USR03925,Hyderabad,Android,2026-02-08
USR03926,Jaipur,Android,2025-11-12
USR03927,Hyderabad,Android,2026-01-15
USR03928,Hyderabad,Android,2026-06-30
USR03929,Hyderabad,Android,2026-03-17
USR03930,Jaipur,iOS,2025-11-13
USR03931,Delhi NCR,Android,2026-02-15
USR03932,Bengaluru,iOS,2025-11-14
USR03933,Pune,iOS,2025-12-31
USR03934,Pune,iOS,2026-01-03
USR03935,Chennai,Android,2026-06-28
USR03936,Pune,Android,2025-12-08
USR03937,Pune,Android,2026-01-06
USR03938,Mumbai,Android,2025-11-01
USR03939,Chennai,Android,2026-02-15
USR03940,Chennai,Android,2026-02-17
USR03941,Delhi NCR,iOS,2026-04-03
USR03942,Jaipur,Android,2026-07-08
USR03943,Pune,Android,2025-09-24
USR03944,Mumbai,iOS,2026-06-14
USR03945,Mumbai,iOS,2025-12-19
USR03946,Mumbai,Android,2026-02-12
USR03947,Delhi NCR,Android,2026-02-05
USR03948,Pune,Android,2026-03-05
USR03949,Chennai,Android,2026-03-02
USR03950,Mumbai,Android,2025-08-18
USR03951,Bengaluru,Android,2025-12-13
USR03952,Ahmedabad,iOS,2025-11-13
USR03953,Bengaluru,iOS,2026-07-16
USR03954,Mumbai,iOS,2026-04-01
USR03955,Delhi NCR,Android,2025-09-14
USR03956,Pune,Android,2026-05-24
USR03957,Jaipur,Android,2025-08-12
USR03958,Ahmedabad,Android,2025-10-18
USR03959,Pune,Android,2026-07-14
USR03960,Kolkata,Android,2026-04-12
USR03961,Kolkata,iOS,2026-02-28
USR03962,Delhi NCR,Web,2026-05-23
USR03963,Mumbai,Android,2025-12-22
USR03964,Hyderabad,Android,2025-11-12
USR03965,Hyderabad,Android,2025-12-18
USR03966,Pune,Android,2026-03-18
USR03967,Mumbai,Web,2025-08-23
USR03968,Kolkata,Android,2026-04-08
USR03969,Pune,Android,2025-08-25
USR03970,Hyderabad,Android,2026-06-03
USR03971,Chennai,Android,2026-03-30
USR03972,Jaipur,Android,2026-07-04
USR03973,Chennai,iOS,2026-05-04
USR03974,Delhi NCR,Android,2026-06-24
USR03975,Chennai,Android,2026-05-25
USR03976,Kolkata,Android,2026-01-25
USR03977,Hyderabad,Android,2026-07-11
USR03978,Ahmedabad,Android,2026-02-25
USR03979,Chennai,Web,2025-09-14
USR03980,Hyderabad,iOS,2026-01-18
USR03981,Chennai,Android,2026-03-19
USR03982,Jaipur,iOS,2025-10-24
USR03983,Mumbai,Android,2026-06-17
USR03984,Delhi NCR,Android,2026-05-04
USR03985,Delhi NCR,iOS,2026-05-21
USR03986,Delhi NCR,Web,2025-11-14
USR03987,Kolkata,Android,2026-03-03
USR03988,Bengaluru,Web,2026-05-06
USR03989,Mumbai,Android,2026-05-22
USR03990,Mumbai,Android,2026-05-09
USR03991,Delhi NCR,iOS,2026-01-19
USR03992,Ahmedabad,Android,2026-02-08
USR03993,Jaipur,iOS,2026-04-25
USR03994,Kolkata,Android,2026-01-27
USR03995,Kolkata,Android,2025-09-24
USR03996,Pune,Android,2026-03-21
USR03997,Delhi NCR,iOS,2025-11-05
USR03998,Mumbai,iOS,2026-04-16
USR03999,Bengaluru,Android,2025-09-06
USR04000,Hyderabad,Android,2026-02-24
USR04001,Hyderabad,iOS,2026-05-05
USR04002,Bengaluru,Web,2025-11-06
USR04003,Mumbai,Android,2025-12-30
USR04004,Bengaluru,Android,2026-07-15
USR04005,Bengaluru,Android,2026-03-20
USR04006,Bengaluru,Android,2026-01-31
USR04007,Kolkata,Android,2026-06-02
USR04008,Hyderabad,Android,2026-02-08
USR04009,Pune,Android,2026-06-14
USR04010,Ahmedabad,Android,2026-05-31
USR04011,Mumbai,Android,2025-08-17
USR04012,Ahmedabad,Android,2025-08-16
USR04013,Hyderabad,Android,2026-02-13
USR04014,Jaipur,iOS,2026-03-05
USR04015,Chennai,iOS,2026-04-09
USR04016,Mumbai,Android,2026-04-07
USR04017,Bengaluru,Android,2026-05-06
USR04018,Bengaluru,Android,2026-06-20
USR04019,Bengaluru,Android,2026-01-20
USR04020,Pune,Android,2026-03-29
USR04021,Mumbai,Android,2026-05-10
USR04022,Ahmedabad,Android,2026-02-27
USR04023,Bengaluru,Android,2025-10-05
USR04024,Mumbai,iOS,2026-03-16
USR04025,Bengaluru,Android,2026-03-26
USR04026,Hyderabad,Android,2026-02-15
USR04027,Jaipur,Android,2025-08-25
USR04028,Hyderabad,Android,2026-04-22
USR04029,Ahmedabad,Android,2026-03-20
USR04030,Hyderabad,iOS,2025-08-21
USR04031,Hyderabad,Android,2026-03-07
USR04032,Bengaluru,Android,2025-09-09
USR04033,Pune,Android,2025-12-06
USR04034,Mumbai,Android,2026-07-01
USR04035,Delhi NCR,iOS,2025-08-23
USR04036,Hyderabad,Android,2026-01-22
USR04037,Ahmedabad,Android,2026-03-16
USR04038,Bengaluru,Android,2025-10-11
USR04039,Delhi NCR,iOS,2026-06-06
USR04040,Mumbai,Android,2026-02-04
USR04041,Kolkata,Android,2026-04-26
USR04042,Chennai,Android,2025-09-24
USR04043,Kolkata,Android,2025-12-21
USR04044,Kolkata,Android,2026-03-05
USR04045,Bengaluru,Android,2025-12-13
USR04046,Chennai,Android,2026-04-17
USR04047,Pune,iOS,2025-10-10
USR04048,Bengaluru,Android,2025-09-14
USR04049,Delhi NCR,Android,2026-03-17
USR04050,Jaipur,Android,2025-12-13
USR04051,Ahmedabad,Android,2026-07-03
USR04052,Delhi NCR,Android,2025-09-29
USR04053,Jaipur,Android,2025-11-12
USR04054,Delhi NCR,Android,2026-02-17
USR04055,Mumbai,Android,2026-04-19
USR04056,Mumbai,Android,2026-07-07
USR04057,Hyderabad,Android,2025-08-05
USR04058,Hyderabad,iOS,2025-10-10
USR04059,Chennai,iOS,2026-04-03
USR04060,Pune,Android,2026-04-01
USR04061,Ahmedabad,Android,2025-09-20
USR04062,Delhi NCR,Android,2026-06-21
USR04063,Jaipur,iOS,2025-09-06
USR04064,Delhi NCR,Android,2026-04-19
USR04065,Delhi NCR,iOS,2025-09-04
USR04066,Ahmedabad,Android,2025-09-07
USR04067,Delhi NCR,Android,2026-02-28
USR04068,Chennai,iOS,2025-12-13
USR04069,Kolkata,Android,2026-03-10
USR04070,Mumbai,iOS,2026-02-19
USR04071,Mumbai,Android,2026-02-08
USR04072,Kolkata,Android,2025-11-24
USR04073,Delhi NCR,Android,2026-04-18
USR04074,Kolkata,Android,2026-06-22
USR04075,Delhi NCR,Android,2026-04-24
USR04076,Hyderabad,Android,2025-09-08
USR04077,Kolkata,Android,2026-03-02
USR04078,Bengaluru,Android,2025-10-14
USR04079,Mumbai,Android,2026-02-18
USR04080,Hyderabad,Android,2026-01-22
USR04081,Hyderabad,iOS,2026-06-06
USR04082,Chennai,iOS,2026-03-29
USR04083,Jaipur,Android,2026-05-29
USR04084,Jaipur,iOS,2026-06-06
USR04085,Delhi NCR,Android,2025-09-16
USR04086,Ahmedabad,Web,2026-04-30
USR04087,Jaipur,Android,2025-09-02
USR04088,Hyderabad,Android,2025-12-17
USR04089,Hyderabad,Android,2025-11-25
USR04090,Chennai,iOS,2026-01-13
USR04091,Pune,Android,2026-01-26
USR04092,Hyderabad,Android,2026-01-19
USR04093,Jaipur,Android,2025-12-21
USR04094,Hyderabad,Android,2026-07-09
USR04095,Pune,iOS,2025-10-11
USR04096,Hyderabad,Android,2026-02-02
USR04097,Jaipur,Android,2025-11-13
USR04098,Ahmedabad,Android,2025-10-28
USR04099,Bengaluru,iOS,2025-12-28
USR04100,Pune,Android,2026-06-21
USR04101,Chennai,Android,2026-06-28
USR04102,Ahmedabad,Android,2026-02-17
USR04103,Ahmedabad,Android,2026-05-18
USR04104,Ahmedabad,Android,2025-10-14
USR04105,Hyderabad,Android,2025-12-08
USR04106,Bengaluru,Web,2026-05-09
USR04107,Kolkata,Android,2025-11-05
USR04108,Hyderabad,iOS,2026-03-21
USR04109,Jaipur,Android,2025-12-20
USR04110,Jaipur,Android,2025-11-10
USR04111,Hyderabad,Android,2026-03-07
USR04112,Ahmedabad,Android,2026-04-01
USR04113,Kolkata,Android,2025-10-01
USR04114,Delhi NCR,Android,2026-02-02
USR04115,Mumbai,Android,2025-09-05
USR04116,Hyderabad,Android,2026-05-02
USR04117,Hyderabad,Android,2025-09-19
USR04118,Kolkata,Android,2026-07-05
USR04119,Mumbai,Android,2026-01-20
USR04120,Hyderabad,Android,2025-12-02
USR04121,Pune,Android,2026-06-06
USR04122,Hyderabad,iOS,2026-01-29
USR04123,Pune,Android,2026-05-11
USR04124,Chennai,iOS,2025-10-27
USR04125,Kolkata,Android,2026-06-12
USR04126,Mumbai,Web,2025-09-16
USR04127,Hyderabad,iOS,2025-10-03
USR04128,Bengaluru,Android,2026-02-25
USR04129,Pune,Android,2026-06-09
USR04130,Delhi NCR,iOS,2025-11-21
USR04131,Hyderabad,Android,2025-12-01
USR04132,Hyderabad,Android,2026-06-04
USR04133,Kolkata,Android,2025-11-27
USR04134,Bengaluru,iOS,2026-02-26
USR04135,Ahmedabad,Android,2026-02-13
USR04136,Kolkata,Android,2025-12-18
USR04137,Pune,iOS,2026-04-09
USR04138,Kolkata,iOS,2026-04-26
USR04139,Chennai,Android,2026-04-13
USR04140,Jaipur,Android,2026-03-15
USR04141,Pune,Android,2025-09-09
USR04142,Kolkata,Android,2026-02-23
USR04143,Pune,Android,2026-01-28
USR04144,Kolkata,Android,2025-12-27
USR04145,Pune,Android,2026-03-29
USR04146,Mumbai,Android,2026-05-16
USR04147,Pune,Android,2025-09-03
USR04148,Ahmedabad,Android,2025-08-12
USR04149,Kolkata,Android,2026-02-01
USR04150,Kolkata,Android,2026-03-12
USR04151,Ahmedabad,iOS,2025-09-15
USR04152,Kolkata,Android,2025-11-26
USR04153,Hyderabad,Android,2025-12-12
USR04154,Ahmedabad,Android,2025-11-21
USR04155,Jaipur,Android,2025-11-09
USR04156,Mumbai,Web,2026-02-03
USR04157,Mumbai,iOS,2025-09-16
USR04158,Delhi NCR,Android,2026-05-11
USR04159,Mumbai,Android,2026-04-26
USR04160,Hyderabad,Android,2025-12-29
USR04161,Delhi NCR,iOS,2025-12-21
USR04162,Delhi NCR,Android,2026-01-07
USR04163,Delhi NCR,Android,2025-11-27
USR04164,Bengaluru,Android,2026-05-21
USR04165,Delhi NCR,Android,2026-03-29
USR04166,Kolkata,iOS,2025-11-29
USR04167,Mumbai,iOS,2025-11-09
USR04168,Bengaluru,Android,2025-09-21
USR04169,Hyderabad,iOS,2025-10-31
USR04170,Jaipur,Android,2026-03-25
USR04171,Jaipur,iOS,2025-10-31
USR04172,Delhi NCR,Android,2025-11-04
USR04173,Pune,iOS,2026-01-14
USR04174,Delhi NCR,iOS,2026-04-20
USR04175,Mumbai,Android,2025-08-30
USR04176,Kolkata,Android,2025-08-25
USR04177,Ahmedabad,Android,2025-10-07
USR04178,Pune,iOS,2026-02-05
USR04179,Hyderabad,Android,2026-03-21
USR04180,Delhi NCR,Android,2025-12-06
USR04181,Delhi NCR,Android,2025-08-22
USR04182,Bengaluru,Web,2025-10-09
USR04183,Mumbai,Android,2026-04-28
USR04184,Ahmedabad,Android,2026-02-19
USR04185,Jaipur,Android,2026-02-23
USR04186,Jaipur,Android,2026-06-28
USR04187,Jaipur,Android,2026-06-07
USR04188,Kolkata,iOS,2026-04-26
USR04189,Kolkata,Android,2026-04-13
USR04190,Delhi NCR,iOS,2025-11-14
USR04191,Bengaluru,Android,2026-02-05
USR04192,Hyderabad,Android,2026-02-28
USR04193,Kolkata,Android,2026-02-08
USR04194,Mumbai,Android,2025-11-10
USR04195,Mumbai,Android,2026-06-23
USR04196,Delhi NCR,Android,2026-05-30
USR04197,Delhi NCR,Android,2026-01-02
USR04198,Kolkata,Android,2025-08-09
USR04199,Pune,iOS,2025-12-08
USR04200,Ahmedabad,Android,2026-03-27
USR04201,Chennai,iOS,2026-03-26
USR04202,Delhi NCR,Android,2025-08-27
USR04203,Pune,iOS,2026-06-24
USR04204,Bengaluru,Android,2025-08-28
USR04205,Chennai,Android,2026-02-14
USR04206,Kolkata,Android,2025-12-29
USR04207,Chennai,iOS,2026-05-10
USR04208,Ahmedabad,Android,2026-04-03
USR04209,Bengaluru,Android,2025-11-08
USR04210,Hyderabad,iOS,2025-10-24
USR04211,Mumbai,Web,2025-10-14
USR04212,Jaipur,Android,2025-08-13
USR04213,Jaipur,Android,2026-04-24
USR04214,Chennai,Android,2026-02-23
USR04215,Chennai,iOS,2026-03-24
USR04216,Chennai,Android,2025-12-24
USR04217,Chennai,Android,2026-04-22
USR04218,Bengaluru,iOS,2026-04-07
USR04219,Kolkata,iOS,2025-08-19
USR04220,Jaipur,iOS,2026-05-17
USR04221,Jaipur,Android,2025-10-18
USR04222,Kolkata,Android,2026-03-14
USR04223,Hyderabad,Android,2025-11-09
USR04224,Bengaluru,Android,2025-12-20
USR04225,Kolkata,Android,2025-08-23
USR04226,Hyderabad,Android,2025-10-08
USR04227,Pune,Android,2025-11-08
USR04228,Kolkata,iOS,2025-10-17
USR04229,Kolkata,Android,2025-12-09
USR04230,Pune,Android,2025-09-03
USR04231,Delhi NCR,iOS,2025-12-14
USR04232,Ahmedabad,iOS,2025-11-21
USR04233,Ahmedabad,iOS,2025-10-24
USR04234,Ahmedabad,Android,2026-07-09
USR04235,Ahmedabad,iOS,2026-01-23
USR04236,Chennai,iOS,2025-12-11
USR04237,Jaipur,Android,2026-01-17
USR04238,Chennai,Android,2026-07-08
USR04239,Jaipur,Android,2026-06-01
USR04240,Pune,Android,2025-08-12
USR04241,Kolkata,Android,2026-01-16
USR04242,Jaipur,Android,2026-02-24
USR04243,Mumbai,Web,2026-01-01
USR04244,Hyderabad,Android,2025-10-15
USR04245,Jaipur,Android,2025-11-21
USR04246,Pune,Android,2025-10-18
USR04247,Bengaluru,Android,2026-04-16
USR04248,Chennai,Android,2026-02-21
USR04249,Kolkata,Android,2026-01-01
USR04250,Bengaluru,Android,2026-06-16
USR04251,Ahmedabad,iOS,2026-07-06
USR04252,Bengaluru,iOS,2025-08-30
USR04253,Kolkata,Android,2026-03-10
USR04254,Delhi NCR,Android,2025-08-16
USR04255,Chennai,iOS,2025-09-30
USR04256,Hyderabad,Android,2026-04-09
USR04257,Kolkata,Android,2026-02-24
USR04258,Kolkata,iOS,2025-12-25
USR04259,Pune,Android,2025-10-24
USR04260,Chennai,Android,2026-01-15
USR04261,Kolkata,iOS,2025-09-21
USR04262,Bengaluru,Android,2025-08-05
USR04263,Delhi NCR,Android,2026-04-10
USR04264,Bengaluru,iOS,2026-06-28
USR04265,Delhi NCR,Web,2025-08-02
USR04266,Ahmedabad,Android,2025-10-08
USR04267,Hyderabad,Web,2026-02-04
USR04268,Chennai,Android,2025-09-14
USR04269,Mumbai,Android,2026-01-06
USR04270,Chennai,Android,2026-05-26
USR04271,Bengaluru,Web,2026-06-11
USR04272,Mumbai,iOS,2025-11-07
USR04273,Delhi NCR,iOS,2026-04-09
USR04274,Bengaluru,Android,2025-12-28
USR04275,Jaipur,Android,2026-06-10
USR04276,Hyderabad,Android,2026-03-25
USR04277,Hyderabad,Android,2026-04-21
USR04278,Bengaluru,Android,2025-11-23
USR04279,Hyderabad,Android,2026-01-21
USR04280,Delhi NCR,Android,2026-03-20
USR04281,Chennai,Web,2026-01-04
USR04282,Hyderabad,Android,2026-02-22
USR04283,Kolkata,iOS,2025-11-29
USR04284,Hyderabad,Android,2025-11-16
USR04285,Pune,Android,2025-10-19
USR04286,Mumbai,Android,2026-05-28
USR04287,Bengaluru,Android,2026-03-18
USR04288,Delhi NCR,Android,2025-09-07
USR04289,Hyderabad,iOS,2026-01-11
USR04290,Pune,Android,2026-03-11
USR04291,Kolkata,Android,2026-06-26
USR04292,Jaipur,iOS,2026-01-02
USR04293,Pune,iOS,2026-07-02
USR04294,Mumbai,Android,2026-02-17
USR04295,Pune,Android,2025-08-26
USR04296,Mumbai,iOS,2025-12-08
USR04297,Kolkata,Android,2026-04-12
USR04298,Ahmedabad,Android,2026-02-20
USR04299,Chennai,Android,2026-01-15
USR04300,Kolkata,Android,2026-05-18
USR04301,Delhi NCR,Android,2025-10-24
USR04302,Hyderabad,Android,2026-04-07
USR04303,Chennai,Android,2025-10-11
USR04304,Pune,Android,2026-04-11
USR04305,Hyderabad,iOS,2025-11-01
USR04306,Kolkata,Android,2025-08-05
USR04307,Chennai,Android,2026-06-11
USR04308,Chennai,Android,2025-09-23
USR04309,Ahmedabad,iOS,2026-04-14
USR04310,Pune,Android,2026-01-18
USR04311,Jaipur,Android,2026-02-17
USR04312,Jaipur,Web,2026-06-10
USR04313,Pune,Android,2025-08-21
USR04314,Ahmedabad,Web,2026-05-30
USR04315,Jaipur,Android,2026-03-22
USR04316,Mumbai,Android,2025-08-10
USR04317,Kolkata,Android,2025-09-02
USR04318,Ahmedabad,iOS,2026-03-02
USR04319,Ahmedabad,iOS,2026-06-08
USR04320,Pune,iOS,2026-05-30
USR04321,Pune,Android,2026-01-01
USR04322,Mumbai,iOS,2026-07-09
USR04323,Hyderabad,Android,2025-08-03
USR04324,Jaipur,Android,2025-11-22
USR04325,Ahmedabad,Android,2025-08-02
USR04326,Kolkata,Android,2025-09-08
USR04327,Hyderabad,Android,2026-05-07
USR04328,Kolkata,Android,2026-06-24
USR04329,Hyderabad,iOS,2026-07-06
USR04330,Mumbai,Android,2026-05-25
USR04331,Pune,Android,2026-05-10
USR04332,Hyderabad,iOS,2025-11-29
USR04333,Kolkata,Android,2026-01-16
USR04334,Delhi NCR,Android,2025-11-11
USR04335,Mumbai,Android,2025-09-10
USR04336,Chennai,Android,2026-04-03
USR04337,Mumbai,Android,2025-12-11
USR04338,Delhi NCR,Android,2026-07-10
USR04339,Hyderabad,Android,2026-03-07
USR04340,Pune,iOS,2026-02-02
USR04341,Bengaluru,iOS,2025-12-26
USR04342,Hyderabad,Web,2026-05-08
USR04343,Bengaluru,Android,2025-10-19
USR04344,Bengaluru,iOS,2025-08-02
USR04345,Pune,Android,2025-12-17
USR04346,Delhi NCR,Android,2026-03-20
USR04347,Chennai,Android,2026-05-01
USR04348,Ahmedabad,Android,2026-04-04
USR04349,Hyderabad,iOS,2026-01-30
USR04350,Bengaluru,Android,2026-02-15
USR04351,Pune,Android,2025-12-07
USR04352,Mumbai,iOS,2026-06-14
USR04353,Bengaluru,Web,2025-10-23
USR04354,Delhi NCR,Android,2026-04-25
USR04355,Jaipur,Android,2026-06-20
USR04356,Chennai,Android,2026-02-16
USR04357,Kolkata,Android,2026-04-20
USR04358,Kolkata,Android,2025-11-06
USR04359,Ahmedabad,iOS,2025-09-04
USR04360,Pune,iOS,2026-04-11
USR04361,Jaipur,iOS,2026-02-15
USR04362,Chennai,Android,2025-11-10
USR04363,Mumbai,Android,2025-11-05
USR04364,Mumbai,Android,2025-08-09
USR04365,Chennai,Android,2026-03-01
USR04366,Mumbai,Web,2026-03-26
USR04367,Bengaluru,Android,2025-09-19
USR04368,Jaipur,Android,2025-09-29
USR04369,Delhi NCR,Android,2026-05-11
USR04370,Jaipur,iOS,2026-01-22
USR04371,Bengaluru,Android,2025-08-17
USR04372,Chennai,Android,2026-05-02
USR04373,Kolkata,Android,2025-09-24
USR04374,Mumbai,iOS,2026-07-07
USR04375,Delhi NCR,Android,2026-02-11
USR04376,Delhi NCR,Android,2026-02-27
USR04377,Bengaluru,Web,2026-02-03
USR04378,Bengaluru,Android,2026-01-01
USR04379,Kolkata,Android,2025-12-24
USR04380,Chennai,Android,2025-09-17
USR04381,Delhi NCR,iOS,2026-06-05
USR04382,Bengaluru,Android,2025-09-18
USR04383,Hyderabad,iOS,2026-01-10
USR04384,Bengaluru,Android,2025-11-17
USR04385,Bengaluru,Android,2025-12-20
USR04386,Hyderabad,iOS,2026-05-09
USR04387,Jaipur,iOS,2025-09-10
USR04388,Jaipur,iOS,2026-05-07
USR04389,Hyderabad,iOS,2026-07-03
USR04390,Hyderabad,Android,2026-02-23
USR04391,Mumbai,Android,2026-03-04
USR04392,Bengaluru,Android,2025-12-16
USR04393,Mumbai,Android,2025-09-18
USR04394,Mumbai,Android,2026-04-02
USR04395,Mumbai,Android,2026-02-01
USR04396,Kolkata,Android,2025-12-14
USR04397,Delhi NCR,Android,2026-05-15
USR04398,Pune,Android,2025-10-26
USR04399,Delhi NCR,Android,2026-05-19
USR04400,Bengaluru,Android,2025-08-09
USR04401,Ahmedabad,Android,2025-10-04
USR04402,Delhi NCR,iOS,2026-07-16
USR04403,Jaipur,Android,2026-02-25
USR04404,Mumbai,Android,2025-12-18
USR04405,Pune,Android,2025-11-30
USR04406,Mumbai,Android,2026-06-10
USR04407,Kolkata,Android,2026-04-28
USR04408,Hyderabad,Android,2026-02-24
USR04409,Kolkata,iOS,2025-12-26
USR04410,Hyderabad,Android,2025-10-03
USR04411,Kolkata,Android,2026-06-06
USR04412,Ahmedabad,Android,2025-09-28
USR04413,Kolkata,Android,2025-12-08
USR04414,Delhi NCR,Android,2026-06-25
USR04415,Bengaluru,Web,2025-12-06
USR04416,Delhi NCR,Android,2025-11-27
USR04417,Pune,iOS,2025-09-06
USR04418,Kolkata,Android,2025-11-20
USR04419,Hyderabad,Web,2026-05-22
USR04420,Mumbai,Android,2025-09-26
USR04421,Mumbai,Android,2026-01-22
USR04422,Pune,Android,2025-10-15
USR04423,Bengaluru,iOS,2026-01-14
USR04424,Kolkata,Android,2026-04-23
USR04425,Hyderabad,Android,2025-11-12
USR04426,Delhi NCR,Android,2026-01-28
USR04427,Pune,iOS,2026-07-06
USR04428,Pune,Android,2025-12-19
USR04429,Kolkata,Android,2025-08-02
USR04430,Kolkata,Android,2025-09-01
USR04431,Mumbai,iOS,2026-04-26
USR04432,Hyderabad,Android,2025-09-26
USR04433,Hyderabad,Android,2025-12-22
USR04434,Delhi NCR,Android,2025-08-08
USR04435,Ahmedabad,iOS,2026-04-29
USR04436,Bengaluru,Android,2026-01-26
USR04437,Hyderabad,Android,2026-03-19
USR04438,Pune,Android,2025-12-20
USR04439,Ahmedabad,Web,2025-12-17
USR04440,Delhi NCR,Android,2026-03-13
USR04441,Delhi NCR,Android,2025-11-29
USR04442,Ahmedabad,Android,2026-05-10
USR04443,Jaipur,Android,2025-10-14
USR04444,Bengaluru,Android,2026-02-06
USR04445,Jaipur,Android,2025-09-20
USR04446,Hyderabad,iOS,2026-04-22
USR04447,Hyderabad,iOS,2025-08-11
USR04448,Bengaluru,Android,2025-09-24
USR04449,Pune,iOS,2025-12-08
USR04450,Pune,iOS,2026-07-09
USR04451,Jaipur,iOS,2026-05-22
USR04452,Jaipur,iOS,2026-06-18
USR04453,Ahmedabad,Web,2025-08-02
USR04454,Delhi NCR,Web,2026-01-15
USR04455,Jaipur,Android,2026-01-22
USR04456,Mumbai,Android,2025-11-04
USR04457,Bengaluru,iOS,2026-03-06
USR04458,Hyderabad,Android,2025-12-18
USR04459,Pune,Android,2026-07-09
USR04460,Chennai,Android,2026-03-30
USR04461,Pune,iOS,2026-01-14
USR04462,Mumbai,iOS,2026-01-30
USR04463,Ahmedabad,iOS,2026-04-30
USR04464,Chennai,Android,2026-03-09
USR04465,Jaipur,Android,2025-09-09
USR04466,Bengaluru,Android,2025-10-10
USR04467,Pune,Android,2025-08-23
USR04468,Pune,Android,2026-05-01
USR04469,Bengaluru,Android,2026-05-08
USR04470,Ahmedabad,Android,2025-11-22
USR04471,Pune,Android,2025-09-19
USR04472,Mumbai,Android,2026-05-28
USR04473,Kolkata,Android,2025-12-22
USR04474,Ahmedabad,iOS,2025-09-17
USR04475,Chennai,iOS,2026-06-10
USR04476,Bengaluru,Android,2025-12-07
USR04477,Jaipur,iOS,2025-12-02
USR04478,Mumbai,Android,2025-12-20
USR04479,Jaipur,Android,2025-08-04
USR04480,Ahmedabad,iOS,2025-11-19
USR04481,Kolkata,iOS,2025-09-21
USR04482,Bengaluru,Android,2025-11-26
USR04483,Hyderabad,Android,2026-01-26
USR04484,Chennai,iOS,2026-05-12
USR04485,Delhi NCR,Android,2025-09-19
USR04486,Mumbai,Android,2025-11-07
USR04487,Delhi NCR,iOS,2025-11-28
USR04488,Mumbai,iOS,2025-11-09
USR04489,Pune,Android,2025-12-30
USR04490,Ahmedabad,Android,2026-03-19
USR04491,Pune,Android,2025-08-17
USR04492,Bengaluru,iOS,2025-11-13
USR04493,Chennai,Android,2026-01-01
USR04494,Kolkata,Android,2025-09-02
USR04495,Delhi NCR,Android,2025-08-04
USR04496,Delhi NCR,Android,2026-04-30
USR04497,Delhi NCR,Android,2026-03-04
USR04498,Bengaluru,Android,2025-10-20
USR04499,Pune,Android,2026-03-01
USR04500,Bengaluru,Android,2025-10-25
USR04501,Hyderabad,Android,2026-05-12
USR04502,Jaipur,iOS,2026-05-30
USR04503,Chennai,iOS,2025-10-20
USR04504,Jaipur,Android,2025-11-19
USR04505,Ahmedabad,Android,2026-06-09
USR04506,Ahmedabad,Android,2025-12-12
USR04507,Pune,iOS,2025-08-11
USR04508,Pune,Android,2026-02-09
USR04509,Jaipur,Android,2025-09-16
USR04510,Bengaluru,iOS,2025-10-04
USR04511,Mumbai,Android,2026-05-01
USR04512,Bengaluru,Android,2026-02-19
USR04513,Delhi NCR,Android,2025-11-01
USR04514,Jaipur,iOS,2025-10-04
USR04515,Pune,iOS,2026-04-18
USR04516,Jaipur,iOS,2025-12-02
USR04517,Jaipur,Android,2026-01-21
USR04518,Jaipur,Android,2025-12-11
USR04519,Hyderabad,Android,2025-10-09
USR04520,Delhi NCR,Android,2026-04-09
USR04521,Pune,Android,2025-11-21
USR04522,Bengaluru,Android,2026-06-16
USR04523,Ahmedabad,Android,2026-06-21
USR04524,Jaipur,Android,2026-01-12
USR04525,Ahmedabad,Android,2025-12-20
USR04526,Chennai,Android,2025-08-06
USR04527,Mumbai,iOS,2025-08-13
USR04528,Mumbai,Android,2025-10-24
USR04529,Bengaluru,Android,2025-11-06
USR04530,Ahmedabad,Web,2025-09-20
USR04531,Ahmedabad,iOS,2026-05-03
USR04532,Chennai,Android,2026-06-19
USR04533,Mumbai,Android,2026-01-28
USR04534,Chennai,Android,2025-09-28
USR04535,Jaipur,Android,2025-12-28
USR04536,Hyderabad,Android,2026-05-07
USR04537,Delhi NCR,Android,2026-05-23
USR04538,Jaipur,Android,2026-04-09
USR04539,Jaipur,iOS,2025-09-09
USR04540,Delhi NCR,Android,2025-12-26
USR04541,Jaipur,Android,2025-08-22
USR04542,Chennai,Android,2025-08-21
USR04543,Jaipur,Android,2025-08-14
USR04544,Mumbai,Android,2025-08-02
USR04545,Hyderabad,iOS,2026-02-10
USR04546,Chennai,Android,2025-09-15
USR04547,Chennai,iOS,2025-12-19
USR04548,Jaipur,Android,2026-02-10
USR04549,Bengaluru,Android,2025-10-16
USR04550,Hyderabad,Android,2026-01-12
USR04551,Chennai,Android,2026-02-04
USR04552,Hyderabad,iOS,2026-05-23
USR04553,Kolkata,iOS,2026-05-10
USR04554,Mumbai,Android,2025-08-28
USR04555,Kolkata,Android,2026-02-27
USR04556,Jaipur,Android,2026-01-29
USR04557,Mumbai,iOS,2026-06-22
USR04558,Jaipur,Android,2025-09-03
USR04559,Mumbai,Android,2025-08-25
USR04560,Bengaluru,iOS,2025-12-08
USR04561,Jaipur,Android,2026-05-12
USR04562,Jaipur,iOS,2025-12-12
USR04563,Hyderabad,Web,2026-06-26
USR04564,Delhi NCR,Android,2026-03-31
USR04565,Ahmedabad,iOS,2025-12-06
USR04566,Jaipur,Android,2025-11-05
USR04567,Jaipur,Android,2026-02-21
USR04568,Hyderabad,Android,2026-07-11
USR04569,Bengaluru,Android,2026-02-21
USR04570,Hyderabad,iOS,2026-04-25
USR04571,Hyderabad,Android,2025-10-21
USR04572,Mumbai,Android,2026-03-03
USR04573,Delhi NCR,Android,2026-04-28
USR04574,Kolkata,Android,2026-01-06
USR04575,Hyderabad,Android,2025-08-21
USR04576,Kolkata,Android,2026-06-20
USR04577,Kolkata,Android,2026-02-08
USR04578,Hyderabad,iOS,2025-08-22
USR04579,Delhi NCR,Android,2025-11-26
USR04580,Chennai,Android,2026-07-16
USR04581,Delhi NCR,Android,2025-08-12
USR04582,Bengaluru,Android,2026-01-05
USR04583,Kolkata,iOS,2025-12-27
USR04584,Jaipur,Android,2026-04-29
USR04585,Jaipur,iOS,2025-08-12
USR04586,Pune,iOS,2026-02-05
USR04587,Pune,Android,2026-04-14
USR04588,Jaipur,Android,2025-12-20
USR04589,Chennai,iOS,2025-10-08
USR04590,Ahmedabad,Android,2025-09-01
USR04591,Chennai,Android,2026-06-24
USR04592,Mumbai,Web,2025-12-28
USR04593,Pune,Android,2025-11-19
USR04594,Pune,Web,2026-01-29
USR04595,Pune,iOS,2025-12-10
USR04596,Chennai,iOS,2025-10-02
USR04597,Kolkata,iOS,2025-10-12
USR04598,Bengaluru,Android,2026-06-04
USR04599,Ahmedabad,Android,2025-10-03
USR04600,Jaipur,Android,2025-11-10
USR04601,Pune,Android,2026-06-20
USR04602,Pune,Android,2025-10-08
USR04603,Kolkata,Android,2025-11-24
USR04604,Mumbai,iOS,2025-08-18
USR04605,Bengaluru,Web,2026-06-10
USR04606,Jaipur,Android,2026-01-15
USR04607,Kolkata,Android,2026-04-14
USR04608,Kolkata,iOS,2026-04-26
USR04609,Mumbai,Android,2025-11-03
USR04610,Pune,iOS,2025-08-16
USR04611,Bengaluru,Android,2026-03-01
USR04612,Bengaluru,Android,2026-06-02
USR04613,Jaipur,iOS,2025-12-04
USR04614,Kolkata,Android,2026-06-23
USR04615,Ahmedabad,Android,2025-12-24
USR04616,Bengaluru,Web,2026-03-01
USR04617,Mumbai,iOS,2026-07-15
USR04618,Pune,Android,2026-06-09
USR04619,Chennai,Android,2025-08-30
USR04620,Bengaluru,Android,2025-09-06
USR04621,Bengaluru,iOS,2026-06-24
USR04622,Hyderabad,Android,2025-12-28
USR04623,Pune,Android,2026-04-29
USR04624,Ahmedabad,Android,2025-08-14
USR04625,Delhi NCR,iOS,2026-02-25
USR04626,Pune,Android,2025-10-20
USR04627,Pune,Android,2026-04-16
USR04628,Delhi NCR,Android,2026-03-20
USR04629,Hyderabad,Android,2026-03-03
USR04630,Bengaluru,Android,2025-08-19
USR04631,Hyderabad,Android,2026-05-02
USR04632,Kolkata,iOS,2025-08-22
USR04633,Chennai,Android,2026-01-20
USR04634,Pune,Android,2026-02-19
USR04635,Kolkata,Android,2025-08-24
USR04636,Jaipur,Android,2025-09-29
USR04637,Delhi NCR,Android,2025-08-10
USR04638,Mumbai,iOS,2025-08-29
USR04639,Jaipur,iOS,2026-02-01
USR04640,Kolkata,Android,2026-06-08
USR04641,Bengaluru,iOS,2025-08-14
USR04642,Kolkata,Android,2026-03-22
USR04643,Bengaluru,Android,2025-11-17
USR04644,Bengaluru,Web,2025-11-20
USR04645,Hyderabad,iOS,2026-01-30
USR04646,Mumbai,iOS,2026-04-18
USR04647,Jaipur,Android,2026-05-20
USR04648,Bengaluru,Android,2026-04-06
USR04649,Kolkata,iOS,2026-06-26
USR04650,Delhi NCR,Android,2026-04-26
USR04651,Hyderabad,Android,2025-08-21
USR04652,Bengaluru,Android,2026-05-11
USR04653,Mumbai,iOS,2026-03-18
USR04654,Pune,Android,2025-11-30
USR04655,Ahmedabad,iOS,2026-05-09
USR04656,Jaipur,Android,2025-08-24
USR04657,Pune,Android,2026-02-08
USR04658,Bengaluru,Android,2026-07-08
USR04659,Chennai,Android,2025-08-10
USR04660,Mumbai,Android,2026-05-17
USR04661,Bengaluru,iOS,2025-12-25
USR04662,Delhi NCR,iOS,2026-03-20
USR04663,Hyderabad,Android,2025-10-24
USR04664,Kolkata,iOS,2026-05-21
USR04665,Kolkata,iOS,2026-05-21
USR04666,Kolkata,iOS,2026-07-03
USR04667,Hyderabad,iOS,2026-06-25
USR04668,Ahmedabad,Android,2026-04-25
USR04669,Hyderabad,Android,2026-02-04
USR04670,Kolkata,Android,2026-05-19
USR04671,Pune,Android,2026-05-17
USR04672,Bengaluru,Android,2026-04-14
USR04673,Hyderabad,Android,2025-11-08
USR04674,Delhi NCR,iOS,2025-09-25
USR04675,Delhi NCR,iOS,2025-11-23
USR04676,Hyderabad,iOS,2026-03-09
USR04677,Kolkata,Android,2025-08-29
USR04678,Kolkata,Android,2025-08-12
USR04679,Jaipur,Android,2026-02-20
USR04680,Bengaluru,Android,2026-03-02
USR04681,Mumbai,Android,2025-10-29
USR04682,Pune,Android,2025-11-25
USR04683,Jaipur,Android,2026-01-14
USR04684,Chennai,Android,2026-04-24
USR04685,Delhi NCR,Android,2026-05-15
USR04686,Mumbai,iOS,2025-12-24
USR04687,Mumbai,iOS,2026-02-25
USR04688,Bengaluru,Web,2026-05-17
USR04689,Kolkata,Android,2026-05-09
USR04690,Delhi NCR,Android,2026-01-31
USR04691,Jaipur,Android,2026-03-11
USR04692,Hyderabad,Android,2026-05-09
USR04693,Kolkata,Android,2026-01-24
USR04694,Kolkata,Android,2025-11-19
USR04695,Mumbai,Android,2026-03-07
USR04696,Bengaluru,Android,2025-10-14
USR04697,Pune,iOS,2026-01-08
USR04698,Chennai,Web,2025-10-01
USR04699,Hyderabad,iOS,2025-12-15
USR04700,Kolkata,Android,2025-12-02
USR04701,Hyderabad,iOS,2025-12-18
USR04702,Mumbai,iOS,2025-10-24
USR04703,Ahmedabad,iOS,2025-08-01
USR04704,Mumbai,Android,2026-04-21
USR04705,Kolkata,Android,2026-02-16
USR04706,Bengaluru,Web,2025-09-29
USR04707,Kolkata,Android,2025-09-08
USR04708,Bengaluru,Android,2026-06-10
USR04709,Chennai,iOS,2025-08-14
USR04710,Mumbai,iOS,2026-02-09
USR04711,Jaipur,Android,2026-06-28
USR04712,Hyderabad,Android,2026-06-19
USR04713,Bengaluru,iOS,2026-01-12
USR04714,Mumbai,Android,2025-10-30
USR04715,Jaipur,Android,2026-05-26
USR04716,Ahmedabad,Android,2026-06-18
USR04717,Delhi NCR,Android,2026-02-05
USR04718,Pune,Android,2025-12-17
USR04719,Mumbai,iOS,2026-03-14
USR04720,Ahmedabad,Android,2026-02-17
USR04721,Delhi NCR,Android,2026-03-18
USR04722,Delhi NCR,iOS,2026-02-27
USR04723,Delhi NCR,Android,2026-01-24
USR04724,Mumbai,Android,2025-09-17
USR04725,Ahmedabad,iOS,2026-03-31
USR04726,Kolkata,iOS,2025-10-22
USR04727,Bengaluru,iOS,2025-12-13
USR04728,Mumbai,Android,2026-04-26
USR04729,Jaipur,Android,2025-11-08
USR04730,Pune,Android,2025-11-27
USR04731,Bengaluru,iOS,2026-01-08
USR04732,Chennai,Android,2025-10-27
USR04733,Pune,Android,2026-02-22
USR04734,Bengaluru,Android,2025-09-10
USR04735,Ahmedabad,Android,2025-10-24
USR04736,Bengaluru,Android,2025-10-23
USR04737,Mumbai,Android,2025-11-21
USR04738,Kolkata,Android,2026-04-20
USR04739,Chennai,Android,2026-04-11
USR04740,Jaipur,Android,2026-01-24
USR04741,Kolkata,Android,2025-11-20
USR04742,Ahmedabad,Android,2026-07-08
USR04743,Jaipur,Android,2025-12-14
USR04744,Mumbai,iOS,2025-10-26
USR04745,Chennai,Android,2026-02-19
USR04746,Hyderabad,Android,2025-09-18
USR04747,Kolkata,Android,2025-08-28
USR04748,Pune,Android,2026-07-16
USR04749,Hyderabad,iOS,2026-02-20
USR04750,Ahmedabad,Android,2025-10-12
USR04751,Ahmedabad,iOS,2026-04-13
USR04752,Jaipur,Android,2025-11-04
USR04753,Bengaluru,Android,2025-10-22
USR04754,Bengaluru,iOS,2026-05-29
USR04755,Jaipur,iOS,2025-09-22
USR04756,Pune,Android,2026-03-03
USR04757,Delhi NCR,Android,2026-01-22
USR04758,Ahmedabad,iOS,2026-06-07
USR04759,Ahmedabad,Android,2026-03-07
USR04760,Pune,iOS,2026-05-04
USR04761,Pune,iOS,2026-04-21
USR04762,Delhi NCR,Android,2026-01-11
USR04763,Kolkata,Android,2025-11-26
USR04764,Ahmedabad,Web,2025-08-12
USR04765,Ahmedabad,iOS,2026-05-29
USR04766,Jaipur,Android,2026-03-08
USR04767,Kolkata,Android,2025-09-30
USR04768,Ahmedabad,Android,2025-09-01
USR04769,Kolkata,iOS,2026-04-12
USR04770,Pune,iOS,2026-04-23
USR04771,Delhi NCR,iOS,2025-08-08
USR04772,Chennai,iOS,2026-02-09
USR04773,Jaipur,Android,2026-07-04
USR04774,Delhi NCR,Android,2026-06-19
USR04775,Chennai,Android,2025-10-21
USR04776,Bengaluru,Web,2026-07-14
USR04777,Chennai,Android,2026-01-19
USR04778,Jaipur,Web,2025-09-23
USR04779,Hyderabad,Android,2025-10-16
USR04780,Bengaluru,Android,2025-10-29
USR04781,Bengaluru,Web,2025-10-11
USR04782,Chennai,Android,2026-03-22
USR04783,Mumbai,Android,2026-05-01
USR04784,Hyderabad,Android,2026-06-16
USR04785,Jaipur,Android,2026-05-07
USR04786,Mumbai,Web,2025-10-04
USR04787,Mumbai,iOS,2025-08-18
USR04788,Pune,Android,2026-05-05
USR04789,Kolkata,Web,2026-06-03
USR04790,Hyderabad,Android,2025-12-28
USR04791,Delhi NCR,Android,2026-06-07
USR04792,Chennai,iOS,2026-06-09
USR04793,Jaipur,Android,2025-09-03
USR04794,Bengaluru,Android,2026-03-20
USR04795,Jaipur,Android,2025-08-19
USR04796,Ahmedabad,Android,2025-10-31
USR04797,Pune,iOS,2026-02-22
USR04798,Ahmedabad,Android,2025-11-09
USR04799,Jaipur,iOS,2026-07-03
USR04800,Delhi NCR,Android,2026-06-12
USR04801,Ahmedabad,Android,2025-09-09
USR04802,Bengaluru,Android,2026-07-06
USR04803,Ahmedabad,Android,2026-04-30
USR04804,Ahmedabad,Android,2025-10-16
USR04805,Kolkata,Android,2025-10-18
USR04806,Delhi NCR,Android,2026-05-23
USR04807,Pune,Android,2025-08-20
USR04808,Jaipur,Android,2026-04-26
USR04809,Mumbai,Android,2025-11-04
USR04810,Pune,Android,2025-12-16
USR04811,Mumbai,Android,2026-02-01
USR04812,Kolkata,Android,2026-06-14
USR04813,Chennai,Android,2026-05-19
USR04814,Mumbai,Android,2025-10-03
USR04815,Delhi NCR,Android,2026-05-05
USR04816,Delhi NCR,iOS,2026-01-23
USR04817,Chennai,Android,2025-11-02
USR04818,Jaipur,Android,2026-05-31
USR04819,Kolkata,Android,2026-01-28
USR04820,Hyderabad,Android,2025-12-05
USR04821,Delhi NCR,Android,2026-05-22
USR04822,Hyderabad,iOS,2025-11-22
USR04823,Pune,Android,2026-05-21
USR04824,Bengaluru,Android,2025-10-24
USR04825,Hyderabad,Android,2026-07-15
USR04826,Chennai,Android,2026-01-20
USR04827,Ahmedabad,Android,2026-01-23
USR04828,Kolkata,Android,2026-05-22
USR04829,Delhi NCR,Android,2026-05-29
USR04830,Pune,iOS,2025-11-22
USR04831,Chennai,Android,2026-02-06
USR04832,Bengaluru,Android,2026-04-16
USR04833,Bengaluru,Android,2026-02-17
USR04834,Chennai,Android,2026-06-27
USR04835,Ahmedabad,Android,2026-02-14
USR04836,Jaipur,Android,2026-06-09
USR04837,Chennai,iOS,2026-07-15
USR04838,Hyderabad,iOS,2025-11-23
USR04839,Mumbai,Android,2026-06-18
USR04840,Bengaluru,iOS,2026-04-20
USR04841,Bengaluru,iOS,2025-09-27
USR04842,Ahmedabad,Android,2025-10-24
USR04843,Mumbai,Android,2026-01-18
USR04844,Pune,Android,2025-08-20
USR04845,Bengaluru,iOS,2025-11-16
USR04846,Kolkata,Android,2026-01-14
USR04847,Hyderabad,Android,2026-01-15
USR04848,Chennai,Android,2025-11-19
USR04849,Delhi NCR,Android,2025-11-18
USR04850,Kolkata,Android,2026-04-26
USR04851,Bengaluru,Android,2026-03-07
USR04852,Ahmedabad,iOS,2025-08-24
USR04853,Mumbai,Web,2025-12-15
USR04854,Delhi NCR,Android,2026-06-26
USR04855,Bengaluru,Android,2025-09-14
USR04856,Mumbai,iOS,2025-10-30
USR04857,Ahmedabad,Android,2026-04-28
USR04858,Bengaluru,Android,2026-04-26
USR04859,Ahmedabad,Android,2026-06-06
USR04860,Delhi NCR,iOS,2025-08-04
USR04861,Hyderabad,Android,2025-11-29
USR04862,Jaipur,Android,2026-01-26
USR04863,Kolkata,Android,2025-10-10
USR04864,Chennai,Android,2026-03-08
USR04865,Kolkata,Android,2026-01-14
USR04866,Jaipur,Android,2026-03-19
USR04867,Jaipur,Android,2025-12-31
USR04868,Delhi NCR,Android,2026-01-20
USR04869,Jaipur,Android,2026-07-09
USR04870,Hyderabad,Android,2026-01-21
USR04871,Kolkata,Web,2026-01-10
USR04872,Hyderabad,Android,2025-10-05
USR04873,Hyderabad,Web,2025-09-30
USR04874,Bengaluru,iOS,2026-03-08
USR04875,Chennai,Android,2025-08-04
USR04876,Mumbai,Android,2026-01-05
USR04877,Chennai,Android,2026-05-28
USR04878,Pune,Android,2025-11-30
USR04879,Delhi NCR,Android,2025-09-29
USR04880,Chennai,iOS,2025-09-05
USR04881,Pune,Android,2026-01-22
USR04882,Ahmedabad,Android,2025-11-13
USR04883,Kolkata,Android,2025-11-02
USR04884,Bengaluru,Android,2025-12-24
USR04885,Jaipur,Android,2026-02-13
USR04886,Kolkata,Android,2026-04-09
USR04887,Delhi NCR,Android,2025-11-22
USR04888,Kolkata,Android,2026-06-23
USR04889,Ahmedabad,Android,2025-12-28
USR04890,Kolkata,Android,2025-08-04
USR04891,Delhi NCR,Android,2026-04-21
USR04892,Delhi NCR,iOS,2025-12-26
USR04893,Pune,iOS,2025-09-05
USR04894,Jaipur,Android,2025-10-28
USR04895,Jaipur,iOS,2025-09-24
USR04896,Delhi NCR,Android,2025-09-02
USR04897,Delhi NCR,Android,2025-10-13
USR04898,Mumbai,Android,2026-06-16
USR04899,Bengaluru,Android,2025-08-05
USR04900,Bengaluru,Android,2026-03-01
USR04901,Hyderabad,Android,2025-11-13
USR04902,Jaipur,Android,2025-08-13
USR04903,Jaipur,Android,2026-03-30
USR04904,Kolkata,Android,2025-09-14
USR04905,Ahmedabad,Android,2025-11-01
USR04906,Chennai,Android,2026-01-12
USR04907,Hyderabad,iOS,2026-02-02
USR04908,Jaipur,Android,2026-04-05
USR04909,Delhi NCR,Android,2026-05-20
USR04910,Mumbai,Android,2026-06-13
USR04911,Bengaluru,Android,2026-07-09
USR04912,Ahmedabad,Android,2026-07-03
USR04913,Jaipur,Android,2025-09-22
USR04914,Kolkata,Android,2025-11-02
USR04915,Ahmedabad,Web,2026-06-27
USR04916,Ahmedabad,Android,2026-03-23
USR04917,Pune,Android,2025-11-20
USR04918,Delhi NCR,Web,2025-08-15
USR04919,Chennai,Android,2025-10-19
USR04920,Pune,iOS,2025-10-27
USR04921,Bengaluru,iOS,2026-01-15
USR04922,Bengaluru,Android,2025-11-29
USR04923,Jaipur,Android,2025-11-30
USR04924,Delhi NCR,Android,2026-02-03
USR04925,Pune,iOS,2026-05-04
USR04926,Pune,Android,2026-01-05
USR04927,Hyderabad,Android,2026-04-08
USR04928,Ahmedabad,iOS,2026-04-10
USR04929,Pune,Android,2026-02-18
USR04930,Hyderabad,Android,2025-08-11
USR04931,Chennai,Android,2025-12-08
USR04932,Ahmedabad,Android,2025-09-29
USR04933,Delhi NCR,iOS,2026-06-06
USR04934,Ahmedabad,Android,2026-05-20
USR04935,Delhi NCR,Android,2025-10-22
USR04936,Mumbai,Android,2026-07-08
USR04937,Ahmedabad,iOS,2026-04-12
USR04938,Bengaluru,Android,2026-01-15
USR04939,Delhi NCR,Android,2026-05-13
USR04940,Jaipur,Android,2025-10-16
USR04941,Mumbai,iOS,2025-09-20
USR04942,Delhi NCR,iOS,2026-02-20
USR04943,Mumbai,Android,2025-10-28
USR04944,Mumbai,iOS,2025-12-14
USR04945,Jaipur,Android,2026-03-27
USR04946,Jaipur,Android,2026-05-19
USR04947,Ahmedabad,Android,2025-11-16
USR04948,Chennai,Android,2026-01-30
USR04949,Delhi NCR,Android,2026-05-01
USR04950,Kolkata,iOS,2025-08-21
USR04951,Pune,Android,2026-01-02
USR04952,Pune,iOS,2026-06-27
USR04953,Bengaluru,iOS,2026-05-21
USR04954,Chennai,Android,2025-09-04
USR04955,Chennai,iOS,2025-10-23
USR04956,Pune,iOS,2026-05-20
USR04957,Bengaluru,Android,2025-10-16
USR04958,Delhi NCR,iOS,2026-05-28
USR04959,Chennai,Android,2025-09-17
USR04960,Hyderabad,Android,2025-12-20
USR04961,Jaipur,Android,2026-06-10
USR04962,Pune,iOS,2026-05-23
USR04963,Kolkata,Web,2025-09-12
USR04964,Pune,Android,2026-04-13
USR04965,Bengaluru,Android,2025-09-28
USR04966,Delhi NCR,Android,2026-06-21
USR04967,Delhi NCR,iOS,2025-09-29
USR04968,Pune,Android,2026-03-24
USR04969,Kolkata,Android,2026-07-05
USR04970,Delhi NCR,Android,2026-06-07
USR04971,Bengaluru,Android,2026-02-12
USR04972,Kolkata,Android,2025-11-01
USR04973,Mumbai,Android,2025-08-17
USR04974,Ahmedabad,Android,2026-01-23
USR04975,Jaipur,iOS,2025-12-06
USR04976,Pune,iOS,2025-11-18
USR04977,Mumbai,Android,2025-11-07
USR04978,Kolkata,Android,2025-11-15
USR04979,Jaipur,Android,2025-10-31
USR04980,Ahmedabad,Android,2026-07-07
USR04981,Hyderabad,iOS,2025-09-23
USR04982,Delhi NCR,iOS,2025-12-23
USR04983,Delhi NCR,Android,2025-12-24
USR04984,Mumbai,iOS,2026-07-16
USR04985,Kolkata,Android,2025-10-11
USR04986,Chennai,iOS,2026-05-23
USR04987,Chennai,Web,2025-10-16
USR04988,Hyderabad,Android,2025-08-09
USR04989,Pune,Android,2026-02-04
USR04990,Chennai,iOS,2025-09-03
USR04991,Mumbai,iOS,2025-11-18
USR04992,Chennai,Android,2026-05-26
USR04993,Ahmedabad,iOS,2025-09-19
USR04994,Pune,Web,2025-09-30
USR04995,Delhi NCR,Android,2026-03-06
USR04996,Chennai,Android,2026-05-04
USR04997,Chennai,Android,2025-10-06
USR04998,Pune,iOS,2025-12-11
USR04999,Bengaluru,iOS,2025-10-19
USR05000,Mumbai,Android,2026-04-04
